checksumStart,missionTime,roll,pitch,heading,airSpeed,elevator,aileron,alfa,betha,standAngle,pressure,pressureAlt,ax,ay,az,gx,gy,gz,lc1,lc2,lc3,lc4,temprature,voltage,GPSSats,GPSLat,GPSLong,GPSAlt,GPSSpeed,checksumEnd
201,1055790,-3,21,330,1.00,-15,15,0,0,31,88546,1122,3.81,-0.70,9.67,-0.20,-0.07,-0.20,128,1109,200,-15,27,100,12, 35.702068, 51.350697,1240.00,0.12,254

201,1056076,-4,21,330,1.00,-15,12,0,0,26,88550,1122,3.77,-0.72,9.58,-0.20,-0.13,-0.26,127,1110,200,-15,27,100,12, 35.702068, 51.350697,1240.00,0.12,254

201,1056363,-3,21,330,1.00,-15,25,0,0,37,88552,1122,3.83,-0.66,9.60,0.22,-0.19,-0.02,130,1109,200,-14,27,100,12, 35.702068, 51.350697,1240.00,0.12,254

201,1056651,-4,21,330,1.00,-15,14,0,0,30,88551,1122,3.81,-0.68,9.46,0.10,-0.13,0.29,124,1109,200,-15,27,100,12, 35.702068, 51.350697,1240.00,0.12,254

201,1056936,-4,21,330,1.00,-15,12,0,0,26,88549,1122,3.81,-0.71,9.51,0.04,0.11,-0.45,130,1109,200,-15,27,100,12, 35.702068, 51.350697,1240.00,0.12,254

201,1057223,-3,22,330,1.00,-15,25,0,0,37,88546,1122,3.85,-0.73,9.42,0.22,0.05,-0.32,125,1110,200,-15,27,100,12, 35.702068, 51.350697,1240.00,0.12,254

201,1057511,-4,22,330,1.00,-15,16,0,0,31,88550,1122,3.77,-0.69,9.58,0.04,0.30,-0.02,128,1109,200,-15,27,100,12, 35.702068, 51.350697,1240.00,0.12,254

201,1057894,-3,21,330,1.00,-15,11,0,0,26,88548,1122,3.81,-0.70,9.51,-0.02,-0.07,-0.08,127,1110,200,-15,27,100,12, 35.702068, 51.350697,1240.00,0.12,254

201,1058277,-4,21,330,1.00,-15,12,0,0,25,88549,1122,3.82,-0.60,9.57,-0.14,-0.07,0.29,128,1109,200,-14,27,100,12, 35.702068, 51.350697,1240.00,0.12,254

201,1058564,-3,21,330,1.00,-15,23,0,0,34,88548,1122,3.74,-0.71,9.57,-0.02,-0.07,-0.14,125,1109,200,-15,27,100,12, 35.702068, 51.350697,1240.00,0.12,254

201,1058755,-4,21,330,1.00,-15,11,0,0,25,88548,1122,3.86,-0.69,9.55,-0.14,0.17,0.04,126,1109,200,-15,27,100,12, 35.702068, 51.350697,1240.00,0.12,254

201,1059042,-3,21,330,1.00,-15,18,0,0,30,88549,1122,3.78,-0.64,9.57,-0.20,0.11,0.23,127,1110,200,-15,27,100,12, 35.702068, 51.350697,1240.00,0.12,254

201,1059233,-4,21,330,1.00,-15,14,0,0,28,88552,1122,3.83,-0.68,9.59,-0.14,-0.13,0.16,125,1110,200,-15,27,100,12, 35.702068, 51.350697,1240.00,0.12,254

201,1059425,-4,21,330,1.00,-15,24,0,0,36,88547,1122,3.78,-0.67,9.55,0.28,0.11,0.04,125,1111,200,-15,27,100,12, 35.702068, 51.350697,1240.00,0.12,254

201,1059616,-4,21,330,1.00,-15,10,0,0,26,88550,1122,3.77,-0.67,9.54,-0.02,0.05,-0.08,124,1109,200,-14,27,100,12, 35.702068, 51.350697,1240.00,0.12,254

201,1059809,-4,21,330,1.00,-15,25,0,0,38,88548,1122,3.78,-0.72,9.64,-0.20,-0.13,-0.08,126,1109,200,-15,27,100,12, 35.702068, 51.350697,1240.00,0.12,254

201,1059999,-4,21,330,1.00,-15,11,0,0,27,88548,1122,3.82,-0.66,9.54,-0.14,-0.01,-0.14,126,1110,200,-15,27,100,12, 35.702068, 51.350697,1240.00,0.12,254

201,1060286,-3,21,330,1.00,-15,25,0,0,37,88548,1122,3.84,-0.70,9.50,-0.08,-0.19,0.04,126,1110,200,-15,27,100,12, 35.702068, 51.350697,1240.00,0.12,254

201,1060573,-4,21,330,1.00,-15,15,0,0,31,88550,1122,3.85,-0.69,9.56,-0.14,-0.19,0.04,126,1110,200,-14,27,100,12, 35.702068, 51.350697,1240.00,0.12,254

201,1060765,-4,21,330,1.00,-15,21,0,0,35,88549,1122,3.77,-0.70,9.49,-0.02,0.11,-0.08,129,1109,200,-15,27,100,12, 35.702068, 51.350697,1240.00,0.12,254

201,1060956,-3,21,330,1.00,-15,11,0,0,27,88550,1122,3.79,-0.75,9.54,0.04,-0.13,-0.20,125,1109,200,-15,27,100,12, 35.702068, 51.350697,1240.00,0.12,254

201,1061147,-4,21,330,1.00,-15,25,0,0,38,88548,1122,3.80,-0.66,9.55,-0.20,0.17,0.10,123,1109,200,-15,27,100,12, 35.702068, 51.350697,1240.00,0.12,254

201,1061339,-4,21,330,1.00,-15,10,0,0,26,88550,1122,3.84,-0.65,9.61,-0.14,-0.01,0.10,129,1110,200,-15,27,100,12, 35.702068, 51.350697,1240.00,0.12,254

201,1061530,-3,21,330,1.00,-15,25,0,0,39,88546,1122,3.87,-0.68,9.53,0.10,-0.01,0.04,127,1109,200,-15,27,100,12, 35.702068, 51.350697,1240.00,0.12,254

201,1061818,-3,21,330,1.00,-15,10,0,0,27,88548,1122,3.80,-0.64,9.55,0.04,0.05,0.10,129,1109,200,-15,27,100,12, 35.702076, 51.350685,1240.00,0.08,254

201,1062104,-4,21,330,1.00,-15,16,0,0,29,88549,1122,3.76,-0.67,9.61,-0.14,-0.01,0.04,124,1110,200,-15,27,100,12, 35.702076, 51.350685,1240.00,0.08,254

201,1062391,-3,21,330,1.00,-15,23,0,0,37,88547,1122,3.83,-0.69,9.55,-0.02,-0.01,-0.08,128,1110,200,-15,27,100,12, 35.702076, 51.350685,1240.00,0.08,254

201,1062680,-3,21,330,1.00,-15,10,0,0,26,88546,1122,3.86,-0.68,9.53,-0.02,0.24,-0.08,127,1109,200,-15,27,100,12, 35.702076, 51.350685,1240.00,0.08,254

201,1062966,-3,21,330,1.00,-15,19,0,0,31,88551,1122,3.79,-0.72,9.63,0.04,-0.01,-0.02,128,1109,200,-15,27,100,12, 35.702076, 51.350685,1240.00,0.08,254

201,1063157,-4,21,330,1.00,-15,12,0,0,27,88550,1122,3.81,-0.69,9.60,0.04,-0.01,-0.02,123,1110,200,-14,27,100,12, 35.702076, 51.350685,1240.00,0.08,254

201,1063349,-3,21,330,1.00,-15,24,0,0,37,88547,1122,3.80,-0.72,9.58,0.16,0.05,-0.08,127,1110,200,-14,27,100,12, 35.702076, 51.350685,1240.00,0.08,254

201,1063539,-3,21,330,1.00,-15,10,0,0,26,88547,1122,3.82,-0.69,9.54,0.16,-0.13,-0.14,126,1109,200,-15,27,100,12, 35.702076, 51.350685,1240.00,0.08,254

201,1063732,-3,21,330,1.00,-15,24,0,0,38,88546,1122,3.78,-0.67,9.59,-0.08,0.05,0.29,125,1109,200,-15,27,100,12, 35.702076, 51.350685,1240.00,0.08,254

201,1063922,-3,21,330,1.00,-15,11,0,0,26,88550,1122,3.76,-0.65,9.53,-0.08,-0.01,-0.08,125,1109,200,-15,27,100,12, 35.702076, 51.350685,1240.00,0.08,254

201,1064115,-3,21,330,1.00,-15,19,0,0,34,88551,1122,3.83,-0.66,9.58,-0.14,-0.07,0.04,125,1109,200,-15,27,100,12, 35.702076, 51.350685,1240.00,0.08,254

201,1064401,-4,21,330,1.00,-15,10,0,0,26,88550,1122,3.86,-0.69,9.52,-0.02,-0.01,0.10,127,1110,200,-15,27,100,12, 35.702076, 51.350685,1240.00,0.08,254

201,1064689,-4,21,330,1.00,-15,24,0,0,35,88550,1122,3.80,-0.66,9.62,0.16,-0.07,0.04,128,1110,200,-15,27,100,12, 35.702076, 51.350685,1240.00,0.08,254

201,1064975,-4,21,330,1.00,-15,19,0,0,34,88548,1122,3.86,-0.66,9.63,0.04,-0.07,-0.08,127,1109,200,-15,27,100,12, 35.702076, 51.350685,1240.00,0.08,254

201,1065263,-4,21,330,1.00,-15,11,0,0,26,88548,1122,3.80,-0.67,9.60,-0.14,-0.01,-0.02,126,1109,200,-15,27,100,12, 35.702076, 51.350685,1240.00,0.08,254

201,1065454,-4,21,330,1.00,-15,23,0,0,37,88548,1122,3.81,-0.65,9.59,-0.08,-0.13,-0.02,128,1110,200,-15,27,100,12, 35.702076, 51.350685,1240.00,0.08,254

201,1065742,-3,21,330,1.00,-15,10,0,0,27,88549,1122,3.80,-0.73,9.62,0.04,0.11,0.10,129,1110,200,-14,27,100,12, 35.702076, 51.350685,1240.00,0.08,254

201,1066028,-3,21,330,1.00,-15,18,0,0,30,88551,1122,3.83,-0.68,9.57,0.04,-0.13,-0.20,130,1110,200,-15,27,100,12, 35.702076, 51.350685,1240.00,0.08,254

201,1066315,-4,21,330,1.00,-15,23,0,0,36,88549,1122,3.80,-0.69,9.59,0.04,0.11,-0.08,129,1109,200,-15,27,100,12, 35.702076, 51.350685,1240.00,0.08,254

201,1066602,-3,22,330,1.00,-15,11,0,0,26,88549,1122,3.81,-0.74,9.63,0.04,0.17,-0.02,124,1109,200,-15,27,100,12, 35.702076, 51.350685,1240.00,0.08,254

201,1066890,-3,21,330,1.00,-15,20,0,0,32,88550,1122,3.78,-0.72,9.54,-0.14,-0.13,-0.02,127,1110,200,-15,27,100,12, 35.702076, 51.350685,1240.00,0.08,254

201,1067176,-4,21,330,1.00,-15,20,0,0,35,88550,1122,3.81,-0.73,9.57,0.04,-0.07,0.04,127,1110,200,-15,27,100,12, 35.702076, 51.350685,1240.00,0.08,254

201,1067463,-4,21,330,1.00,-15,11,0,0,26,88549,1122,3.85,-0.65,9.59,0.04,-0.19,-0.14,126,1110,200,-15,27,100,12, 35.702076, 51.350685,1240.00,0.08,254

201,1067751,-3,21,330,1.00,-15,23,0,0,35,88546,1122,3.78,-0.69,9.60,-0.02,-0.13,-0.02,126,1109,200,-15,27,100,12, 35.702076, 51.350685,1240.00,0.08,254

201,1067942,-4,22,330,1.00,-15,11,0,0,26,88544,1122,3.75,-0.69,9.55,-0.08,-0.07,0.10,129,1110,200,-15,27,100,12, 35.702076, 51.350685,1240.00,0.08,254

201,1068133,-3,21,330,1.00,-15,25,0,0,38,88552,1122,3.80,-0.69,9.54,-0.02,-0.07,-0.02,124,1109,200,-15,27,100,12, 35.702076, 51.350685,1240.00,0.08,254

201,1068421,-4,21,330,1.00,-15,13,0,0,30,88548,1122,3.80,-0.68,9.69,-0.02,-0.01,-0.08,127,1109,200,-15,27,100,12, 35.702076, 51.350685,1240.00,0.08,254

201,1068708,-3,21,330,1.00,-15,15,0,0,28,88547,1122,3.80,-0.66,9.60,-0.02,0.05,-0.08,126,1110,200,-15,27,100,12, 35.702076, 51.350685,1240.00,0.08,254

201,1068995,-3,21,330,1.00,-15,26,0,0,38,88549,1122,3.80,-0.65,9.70,-0.02,-0.07,0.10,127,1109,200,-15,27,100,12, 35.702080, 51.350689,1240.00,0.06,254

201,1069282,-4,21,330,1.00,-15,13,0,0,29,88550,1122,3.82,-0.71,9.58,0.10,-0.13,-0.02,128,1109,200,-15,27,100,12, 35.702080, 51.350689,1240.00,0.06,254

201,1069569,-4,21,330,1.00,-15,13,0,0,27,88548,1122,3.86,-0.71,9.52,-0.02,0.30,0.04,126,1110,200,-15,27,100,12, 35.702080, 51.350689,1240.00,0.06,254

201,1069952,-4,21,330,1.00,-15,18,0,0,29,88547,1122,3.85,-0.75,9.60,-0.02,0.05,-0.02,128,1109,200,-15,27,100,12, 35.702080, 51.350689,1240.00,0.06,254

201,1070238,-4,21,330,1.00,-15,23,0,0,36,88548,1122,3.75,-0.71,9.63,-0.08,0.05,0.10,126,1110,200,-15,27,100,12, 35.702080, 51.350689,1240.00,0.06,254

201,1070526,-3,21,330,1.00,-15,11,0,0,26,88545,1122,3.77,-0.67,9.57,-0.14,0.05,-0.02,124,1110,200,-15,27,100,12, 35.702080, 51.350689,1240.00,0.06,254

201,1070814,-4,21,330,1.00,-15,21,0,0,33,88547,1122,3.80,-0.66,9.43,0.04,0.17,0.04,129,1110,200,-15,27,100,12, 35.702080, 51.350689,1240.00,0.06,254

201,1071099,-4,21,330,1.00,-15,23,0,0,37,88548,1122,3.85,-0.66,9.58,0.04,-0.01,0.04,128,1110,200,-15,27,100,12, 35.702080, 51.350689,1240.00,0.06,254

201,1071387,-3,21,330,1.00,-15,11,0,0,27,88550,1122,3.80,-0.64,9.59,0.10,-0.13,-0.08,125,1109,200,-14,27,100,12, 35.702080, 51.350689,1240.00,0.06,254

201,1071675,-4,21,330,1.00,-15,22,0,0,34,88549,1122,3.77,-0.70,9.55,-0.02,0.05,-0.02,125,1109,200,-15,27,100,12, 35.702080, 51.350689,1240.00,0.06,254

201,1071962,-4,21,330,1.00,-15,22,0,0,37,88549,1122,3.85,-0.63,9.55,0.34,-0.07,-0.08,127,1110,200,-15,27,100,12, 35.702080, 51.350689,1240.00,0.06,254

201,1072153,-4,21,330,1.00,-15,16,0,0,30,88551,1122,3.83,-0.70,9.56,-0.08,-0.07,-0.02,127,1110,200,-15,27,100,12, 35.702080, 51.350689,1240.00,0.06,254

201,1072440,-4,21,330,1.00,-15,24,0,0,38,88550,1122,3.81,-0.68,9.65,-0.02,0.11,-0.02,128,1109,200,-15,27,100,12, 35.702080, 51.350689,1240.00,0.06,254

201,1072632,-4,21,330,1.00,-15,13,0,0,28,88550,1122,3.80,-0.77,9.61,-0.02,-0.07,0.16,127,1110,200,-15,27,100,12, 35.702080, 51.350689,1240.00,0.06,254

201,1072823,-4,21,330,1.00,-15,19,0,0,34,88550,1122,3.81,-0.68,9.54,-0.08,0.17,0.16,125,1109,200,-14,27,100,12, 35.702080, 51.350689,1240.00,0.06,254

201,1073014,-3,21,330,1.00,-15,16,0,0,29,88548,1122,3.84,-0.69,9.63,-0.08,-0.13,0.10,126,1109,200,-15,27,100,12, 35.702080, 51.350689,1240.00,0.06,254

201,1073206,-3,21,330,1.00,-15,14,0,0,29,88548,1122,3.84,-0.62,9.53,-0.08,0.17,-0.08,122,1109,200,-15,27,100,12, 35.702080, 51.350689,1240.00,0.06,254

201,1073397,-3,22,330,1.00,-15,21,0,0,34,88544,1122,3.82,-0.69,9.53,0.04,-0.19,-0.08,124,1110,200,-15,27,100,12, 35.702080, 51.350689,1240.00,0.06,254

201,1073588,-4,21,330,1.00,-15,10,0,0,26,88546,1122,3.80,-0.71,9.54,0.04,-0.19,-0.14,128,1109,200,-15,27,100,12, 35.702080, 51.350689,1240.00,0.06,254

201,1073875,-4,21,330,1.00,-15,18,0,0,29,88548,1122,3.82,-0.66,9.43,0.10,-0.19,-0.20,130,1109,200,-14,27,100,12, 35.702076, 51.350697,1240.00,0.02,254

201,1074162,-3,21,330,1.00,-15,23,0,0,37,88549,1122,3.79,-0.65,9.59,-0.02,0.05,-0.20,126,1109,200,-15,27,100,12, 35.702076, 51.350697,1240.00,0.02,254

201,1074450,-4,21,330,1.00,-15,11,0,0,27,88547,1122,3.77,-0.73,9.61,-0.08,-0.01,0.16,125,1110,200,-15,27,100,12, 35.702076, 51.350697,1240.00,0.02,254

201,1074738,-4,21,330,1.00,-15,19,0,0,31,88547,1122,3.79,-0.71,9.57,-0.08,-0.13,-0.02,128,1109,200,-15,27,100,12, 35.702076, 51.350697,1240.00,0.02,254

201,1075024,-3,21,331,1.00,-15,22,0,0,36,88551,1122,3.79,-0.69,9.58,-0.02,-0.01,-0.02,128,1109,200,-15,27,100,12, 35.702076, 51.350697,1240.00,0.02,254

201,1075216,-4,21,330,1.00,-15,14,0,0,29,88548,1122,3.81,-0.68,9.61,-0.02,-0.07,-0.02,124,1109,200,-15,27,100,12, 35.702076, 51.350697,1240.00,0.02,254

201,1075406,-4,21,330,1.00,-15,16,0,0,31,88547,1122,3.75,-0.71,9.57,0.16,0.11,-0.02,127,1110,200,-15,27,100,12, 35.702076, 51.350697,1240.00,0.02,254

201,1075598,-4,21,330,1.00,-15,18,0,0,31,88550,1122,3.83,-0.70,9.62,-0.02,-0.13,0.04,122,1110,200,-15,27,100,12, 35.702076, 51.350697,1240.00,0.02,254

201,1075789,-3,21,330,1.00,-15,11,0,0,26,88550,1122,3.79,-0.69,9.60,-0.02,-0.01,0.04,122,1109,200,-14,27,100,12, 35.702080, 51.350700,1240.00,0.05,254

201,1075981,-3,21,331,1.00,-15,24,0,0,36,88550,1122,3.80,-0.66,9.55,-0.39,0.05,0.04,126,1109,200,-14,27,100,12, 35.702080, 51.350700,1240.00,0.05,254

201,1076172,-4,21,330,1.00,-15,10,0,0,26,88552,1122,3.86,-0.65,9.52,0.10,-0.07,-0.20,128,1109,200,-15,27,100,12, 35.702080, 51.350700,1240.00,0.05,254

201,1076459,-3,21,330,1.00,-15,19,0,0,30,88548,1122,3.80,-0.65,9.61,-0.02,0.17,0.04,126,1109,200,-15,27,100,12, 35.702080, 51.350700,1240.00,0.05,254

201,1076747,-4,21,330,1.00,-15,20,0,0,34,88549,1122,3.85,-0.65,9.57,0.04,-0.01,0.04,128,1110,200,-15,27,100,12, 35.702080, 51.350700,1240.00,0.05,254

201,1077033,-4,21,330,1.00,-15,10,0,0,25,88551,1122,3.82,-0.71,9.56,0.10,-0.07,0.04,125,1110,200,-15,27,100,12, 35.702080, 51.350700,1240.00,0.05,254

201,1077225,-4,21,331,1.00,-15,25,0,0,38,88548,1122,3.82,-0.72,9.56,0.04,0.05,-0.08,121,1109,200,-15,27,100,12, 35.702080, 51.350700,1240.00,0.05,254

201,1077415,-3,21,330,1.00,-15,11,0,0,26,88549,1122,3.82,-0.73,9.58,-0.14,-0.07,-0.02,124,1109,200,-15,27,100,12, 35.702080, 51.350700,1240.00,0.05,254

201,1077608,-3,21,330,1.00,-15,18,0,0,32,88552,1122,3.79,-0.67,9.57,-0.14,0.17,-0.14,128,1109,200,-15,27,100,12, 35.702080, 51.350700,1240.00,0.05,254

201,1077895,-4,21,330,1.00,-15,11,0,0,26,88549,1122,3.79,-0.68,9.55,-0.02,-0.01,0.04,126,1110,200,-15,27,100,12, 35.702087, 51.350700,1240.00,0.09,254

201,1078181,-3,21,330,1.00,-15,22,0,0,33,88547,1122,3.84,-0.68,9.57,0.04,-0.01,-0.02,126,1110,200,-15,27,100,12, 35.702087, 51.350700,1240.00,0.09,254

201,1078469,-3,22,330,1.00,-15,19,0,0,34,88548,1122,3.81,-0.66,9.56,-0.02,-0.13,0.10,129,1109,200,-15,27,100,12, 35.702087, 51.350700,1240.00,0.09,254

201,1078757,-3,21,330,1.00,-15,11,0,0,26,88548,1122,3.82,-0.67,9.63,-0.02,-0.07,-0.14,127,1110,200,-14,27,100,12, 35.702087, 51.350700,1240.00,0.09,254

201,1079139,-3,21,330,1.00,-15,14,0,0,26,88548,1122,3.85,-0.69,9.54,0.10,-0.07,0.04,128,1110,200,-15,27,100,12, 35.702087, 51.350700,1240.00,0.09,254

201,1079426,-3,21,330,1.00,-15,26,0,0,37,88549,1122,3.80,-0.71,9.54,-0.02,0.11,-0.02,128,1110,200,-15,27,100,12, 35.702087, 51.350700,1240.00,0.09,254

201,1079618,-3,21,330,1.00,-15,12,0,0,27,88550,1122,3.81,-0.65,9.58,-0.08,-0.07,0.04,126,1109,200,-15,27,100,12, 35.702087, 51.350700,1240.00,0.09,254

201,1079809,-4,21,330,1.00,-15,23,0,0,37,88550,1122,3.84,-0.69,9.63,0.04,-0.07,-0.20,128,1110,200,-14,27,100,12, 35.702091, 51.350704,1240.00,0.01,254

201,1080000,-4,21,330,1.00,-15,14,0,0,29,88551,1122,3.83,-0.58,9.53,0.04,-0.19,-0.02,129,1110,200,-14,27,100,12, 35.702091, 51.350704,1240.00,0.01,254

201,1080192,-4,21,330,1.00,-15,17,0,0,32,88552,1122,3.79,-0.72,9.54,0.10,-0.07,-0.02,124,1109,200,-15,27,100,12, 35.702091, 51.350704,1240.00,0.01,254

201,1080478,-3,21,330,1.00,-15,11,0,0,26,88549,1122,3.84,-0.68,9.57,0.10,-0.07,-0.02,127,1109,200,-15,27,100,12, 35.702091, 51.350704,1240.00,0.01,254

201,1080766,-3,21,330,1.00,-15,25,0,0,36,88550,1122,3.77,-0.70,9.51,-0.02,-0.07,0.16,126,1109,200,-15,27,100,12, 35.702091, 51.350704,1240.00,0.01,254

201,1081053,-4,21,330,1.00,-15,16,0,0,32,88551,1122,3.82,-0.64,9.58,0.16,0.17,-0.08,125,1109,200,-15,27,100,12, 35.702091, 51.350704,1240.00,0.01,254

201,1081339,-3,21,330,1.00,-15,11,0,0,26,88551,1122,3.78,-0.71,9.61,-0.14,-0.07,-0.02,126,1110,200,-15,27,100,12, 35.702091, 51.350704,1240.00,0.01,254

201,1081627,-4,21,330,1.00,-15,25,0,0,37,88551,1122,3.82,-0.68,9.59,0.16,-0.07,-0.02,126,1109,200,-15,27,100,12, 35.702091, 51.350704,1240.00,0.01,254

201,1082010,-3,21,329,1.00,-15,25,0,0,39,88550,1122,3.58,-0.77,9.47,0.47,-0.31,-0.32,129,1110,200,-15,27,100,12, 35.702091, 51.350704,1240.00,0.01,254

201,1082297,-4,22,329,1.00,-15,11,0,0,28,88549,1122,3.91,-0.78,9.39,-0.39,-0.13,0.04,127,1110,200,-14,27,100,12, 35.702091, 51.350704,1240.00,0.01,254

201,1082584,-4,21,330,1.00,-15,16,0,0,28,88550,1122,3.85,-0.70,9.46,-0.08,-0.01,-0.14,124,1109,200,-15,27,100,12, 35.702091, 51.350704,1240.00,0.01,254

201,1082871,-3,21,330,1.00,-15,25,0,0,38,88549,1122,3.87,-0.72,9.57,-0.08,-0.07,0.16,128,1110,200,-14,27,100,12, 35.702091, 51.350704,1240.00,0.01,254

201,1083254,-4,21,330,1.00,-15,21,0,0,36,88550,1122,3.77,-0.71,9.53,-0.02,0.05,0.10,127,1110,200,-15,27,100,12, 35.702091, 51.350704,1240.00,0.01,254

201,1083541,-3,21,330,1.00,-15,11,0,0,26,88549,1122,3.84,-0.64,9.60,0.28,-0.19,-0.02,126,1109,200,-15,27,100,12, 35.702091, 51.350704,1240.00,0.01,254

201,1083829,-4,21,331,1.00,-15,24,0,0,36,88550,1122,3.81,-0.68,9.54,-0.27,0.05,0.10,127,1109,200,-15,27,100,12, 35.702091, 51.350704,1240.00,0.01,254

201,1084115,-3,21,330,1.00,-15,21,0,0,36,88551,1122,3.82,-0.73,9.51,-0.08,0.17,-0.02,123,1109,200,-15,27,100,12, 35.702091, 51.350704,1240.00,0.01,254

201,1084307,-4,21,330,1.00,-15,17,0,0,31,88552,1122,3.81,-0.72,9.66,0.04,-0.19,-0.08,125,1110,200,-15,27,100,12, 35.702091, 51.350704,1240.00,0.01,254

201,1084594,-4,21,330,1.00,-15,24,0,0,38,88549,1122,3.73,-0.63,9.57,0.16,0.11,0.10,126,1110,200,-15,27,100,12, 35.702091, 51.350704,1240.00,0.01,254

201,1084785,-4,21,330,1.00,-15,12,0,0,27,88554,1122,3.79,-0.71,9.62,-0.20,-0.01,-0.14,126,1110,200,-15,27,100,12, 35.702091, 51.350704,1240.00,0.01,254

201,1084977,-3,21,330,1.00,-15,18,0,0,32,88552,1122,3.84,-0.68,9.64,-0.08,0.11,-0.02,129,1109,200,-15,27,100,12, 35.702091, 51.350704,1240.00,0.01,254

201,1085168,-3,21,330,1.00,-15,17,0,0,30,88547,1122,3.83,-0.66,9.58,0.16,0.05,-0.14,128,1109,200,-15,27,100,12, 35.702091, 51.350704,1240.00,0.01,254

201,1085360,-3,21,330,1.00,-15,13,0,0,28,88552,1122,3.82,-0.69,9.66,0.04,-0.07,-0.20,125,1109,200,-15,27,100,12, 35.702091, 51.350704,1240.00,0.01,254

201,1085550,-4,21,330,1.00,-15,21,0,0,34,88553,1122,3.79,-0.71,9.53,0.04,0.11,-0.14,125,1109,200,-15,27,100,12, 35.702091, 51.350704,1240.00,0.01,254

201,1085839,-3,21,330,1.00,-15,16,0,0,31,88551,1122,3.83,-0.62,9.55,-0.08,-0.01,0.04,129,1109,200,-15,27,100,12, 35.702091, 51.350704,1240.00,0.01,254

201,1086125,-3,21,330,1.00,-15,11,0,0,26,88550,1122,3.79,-0.65,9.54,-0.08,-0.01,0.04,126,1110,200,-15,27,100,12, 35.702091, 51.350704,1240.00,0.01,254

201,1086412,-4,21,330,1.00,-15,23,0,0,35,88554,1122,3.81,-0.70,9.57,0.04,0.05,-0.08,127,1110,200,-15,27,100,12, 35.702091, 51.350704,1240.00,0.01,254

201,1086604,-4,21,331,1.00,-15,10,0,0,25,88550,1122,3.75,-0.72,9.59,-0.20,-0.01,-0.20,127,1109,200,-15,27,100,12, 35.702091, 51.350704,1240.00,0.01,254

201,1086795,-4,21,330,1.00,-15,25,0,0,38,88554,1122,3.80,-0.67,9.62,-0.02,0.11,0.04,127,1109,200,-15,27,100,12, 35.702091, 51.350708,1240.00,0.03,254

201,1087082,-3,21,330,1.00,-15,13,0,0,29,88552,1122,3.84,-0.68,9.59,-0.02,0.24,0.04,126,1109,200,-15,27,100,12, 35.702091, 51.350708,1240.00,0.03,254

201,1087369,-4,21,330,1.00,-15,13,0,0,26,88550,1122,3.80,-0.65,9.57,-0.02,-0.13,-0.08,126,1110,200,-15,27,100,12, 35.702091, 51.350708,1240.00,0.03,254

201,1087560,-3,21,330,1.00,-15,17,0,0,31,88551,1122,3.77,-0.71,9.61,-0.02,0.05,0.16,128,1109,200,-14,27,100,12, 35.702091, 51.350708,1240.00,0.03,254

201,1087753,-3,21,330,1.00,-15,19,0,0,32,88552,1122,3.77,-0.67,9.55,-0.02,-0.01,0.04,124,1110,200,-15,27,100,12, 35.702091, 51.350708,1240.00,0.03,254

201,1087943,-4,21,330,1.00,-15,12,0,0,27,88551,1122,3.82,-0.69,9.56,-0.14,0.05,-0.02,126,1109,200,-15,27,100,12, 35.702091, 51.350708,1240.00,0.03,254

201,1088135,-4,21,330,1.00,-15,24,0,0,37,88548,1122,3.75,-0.67,9.53,-0.08,0.17,0.16,128,1109,200,-15,27,100,12, 35.702091, 51.350708,1240.00,0.03,254

201,1088421,-4,21,330,1.00,-15,17,0,0,33,88554,1121,3.78,-0.73,9.55,0.04,-0.01,0.10,129,1110,200,-15,27,100,12, 35.702091, 51.350708,1240.00,0.03,254

201,1088709,-4,22,330,1.00,-15,12,0,0,26,88553,1122,3.81,-0.68,9.54,-0.02,-0.01,-0.02,127,1110,200,-14,27,100,12, 35.702091, 51.350708,1240.00,0.03,254

201,1088997,-4,21,330,1.00,-15,25,0,0,37,88554,1121,3.83,-0.69,9.61,-0.02,-0.01,0.04,128,1109,200,-15,27,100,12, 35.702091, 51.350708,1240.00,0.03,254

201,1089187,-4,21,330,1.00,-15,10,0,0,26,88552,1122,3.78,-0.68,9.67,0.04,0.11,0.10,125,1110,200,-15,27,100,12, 35.702091, 51.350708,1240.00,0.03,254

201,1089378,-4,21,330,1.00,-15,25,0,0,39,88550,1122,3.81,-0.76,9.46,0.10,0.05,0.04,129,1109,200,-15,27,100,12, 35.702091, 51.350708,1240.00,0.03,254

201,1089569,-3,21,330,1.00,-15,10,0,0,26,88552,1122,3.81,-0.74,9.60,-0.02,0.05,-0.08,128,1110,200,-15,27,100,12, 35.702091, 51.350708,1240.00,0.03,254

201,1089858,-4,21,330,1.00,-15,25,0,0,37,88551,1122,3.79,-0.70,9.55,0.04,-0.01,-0.14,125,1109,200,-14,27,100,12, 35.702095, 51.350708,1240.00,0.04,254

201,1090145,-4,21,330,1.00,-15,15,0,0,31,88554,1122,3.84,-0.64,9.68,0.04,0.30,-0.20,126,1109,200,-15,27,100,12, 35.702095, 51.350708,1240.00,0.04,254

201,1090432,-3,21,330,1.00,-15,11,0,0,25,88551,1121,3.79,-0.67,9.52,-0.14,0.17,-0.08,129,1110,200,-15,27,100,12, 35.702095, 51.350708,1240.00,0.04,254

201,1090719,-3,22,330,1.00,-15,25,0,0,37,88549,1122,3.80,-0.70,9.65,-0.14,-0.01,-0.14,126,1110,200,-15,27,100,12, 35.702095, 51.350708,1240.00,0.04,254

201,1091006,-4,21,330,1.00,-15,14,0,0,30,88550,1122,3.83,-0.64,9.57,0.16,0.05,-0.14,127,1109,200,-15,27,100,12, 35.702095, 51.350708,1240.00,0.04,254

201,1091293,-3,21,330,1.00,-15,12,0,0,25,88552,1122,3.82,-0.58,9.61,-0.02,-0.19,-0.08,127,1110,200,-15,27,100,12, 35.702095, 51.350708,1240.00,0.04,254

201,1091580,-4,21,330,1.00,-15,25,0,0,37,88552,1122,3.74,-0.70,9.52,-0.08,0.11,-0.02,125,1109,200,-15,27,100,12, 35.702095, 51.350708,1240.00,0.04,254

201,1091771,-4,21,330,1.00,-15,10,0,0,26,88550,1122,3.80,-0.63,9.65,-0.02,0.11,-0.02,126,1110,200,-15,27,100,12, 35.702095, 51.350708,1240.00,0.04,254

201,1091962,-3,21,330,1.00,-15,25,0,0,38,88552,1122,3.78,-0.66,9.59,0.04,-0.07,0.04,128,1110,200,-15,27,100,12, 35.702095, 51.350708,1240.00,0.04,254

201,1092154,-4,21,330,1.00,-15,12,0,0,27,88551,1122,3.83,-0.70,9.56,-0.08,0.17,-0.02,127,1109,200,-15,27,100,12, 35.702095, 51.350708,1240.00,0.04,254

201,1092442,-4,21,330,1.00,-15,25,0,0,37,88551,1122,3.83,-0.69,9.65,-0.08,-0.13,-0.02,128,1109,200,-14,27,100,12, 35.702095, 51.350708,1240.00,0.04,254

201,1092729,-4,21,330,1.00,-15,12,0,0,28,88552,1122,3.83,-0.68,9.61,0.04,-0.01,-0.08,130,1109,200,-15,27,100,12, 35.702095, 51.350708,1240.00,0.04,254

201,1093015,-4,21,330,1.00,-15,12,0,0,26,88553,1122,3.77,-0.69,9.58,-0.02,-0.25,-0.08,126,1110,200,-15,27,100,12, 35.702095, 51.350708,1240.00,0.04,254

201,1093303,-3,21,330,1.00,-15,26,0,0,37,88553,1122,3.76,-0.69,9.61,0.04,-0.01,-0.20,128,1110,200,-15,27,100,12, 35.702095, 51.350708,1240.00,0.04,254

201,1093590,-4,21,330,1.00,-15,13,0,0,29,88554,1122,3.76,-0.77,9.57,-0.02,-0.01,-0.20,128,1110,200,-15,27,100,12, 35.702095, 51.350708,1240.00,0.04,254

201,1093877,-3,21,330,1.00,-15,14,0,0,27,88550,1122,3.85,-0.70,9.56,-0.02,-0.01,-0.14,128,1109,200,-14,27,100,12, 35.702095, 51.350708,1240.00,0.04,254

201,1094164,-4,21,330,1.00,-15,26,0,0,38,88552,1122,3.77,-0.67,9.55,0.04,-0.01,0.04,125,1109,200,-15,27,100,12, 35.702095, 51.350708,1240.00,0.04,254

201,1094451,-3,21,330,1.00,-15,14,0,0,30,88555,1122,3.85,-0.65,9.47,0.10,0.11,-0.08,129,1109,200,-15,27,100,12, 35.702095, 51.350708,1240.00,0.04,254

201,1094738,-4,21,330,1.00,-15,14,0,0,27,88553,1122,3.80,-0.70,9.67,-0.02,0.05,0.04,128,1109,200,-15,27,100,12, 35.702095, 51.350708,1240.00,0.04,254

201,1095025,-3,21,330,1.00,-15,26,0,0,38,88551,1122,3.83,-0.68,9.54,0.04,-0.01,-0.20,129,1110,200,-15,27,100,12, 35.702095, 51.350708,1240.00,0.04,254

201,1095408,-4,21,330,1.00,-15,25,0,0,39,88553,1122,3.87,-0.64,9.49,-0.02,-0.07,-0.14,129,1110,200,-14,27,100,12, 35.702095, 51.350708,1240.00,0.04,254

201,1095792,-4,21,330,1.00,-15,16,0,0,32,88550,1122,3.76,-0.68,9.58,0.04,-0.37,-0.02,128,1109,200,-15,27,100,12, 35.702095, 51.350708,1240.00,0.04,254

201,1096078,-4,21,330,1.00,-15,11,0,0,26,88552,1122,3.84,-0.70,9.51,0.16,-0.01,-0.08,125,1110,200,-15,27,100,12, 35.702095, 51.350708,1240.00,0.04,254

201,1096269,-4,22,330,1.00,-15,24,0,0,38,88553,1122,3.82,-0.68,9.56,0.04,0.17,-0.02,125,1110,200,-15,27,100,12, 35.702095, 51.350708,1240.00,0.04,254

201,1096556,-4,21,330,1.00,-15,11,0,0,28,88552,1122,3.80,-0.70,9.50,-0.02,0.11,-0.02,126,1109,200,-15,27,100,12, 35.702095, 51.350708,1240.00,0.04,254

201,1096844,-4,21,330,1.00,-15,18,0,0,30,88552,1122,3.78,-0.65,9.68,0.10,-0.07,0.10,130,1109,200,-15,27,100,12, 35.702095, 51.350708,1240.00,0.04,254

201,1097131,-4,21,330,1.00,-15,25,0,0,38,88553,1122,3.81,-0.69,9.53,-0.02,0.24,-0.02,127,1109,200,-15,27,100,12, 35.702095, 51.350708,1240.00,0.04,254

201,1097417,-3,21,330,1.00,-15,11,0,0,27,88553,1122,3.88,-0.66,9.47,-0.08,-0.13,0.10,125,1109,200,-15,27,100,12, 35.702095, 51.350708,1240.00,0.04,254

201,1097705,-3,21,330,1.00,-15,20,0,0,32,88554,1122,3.82,-0.66,9.67,0.10,-0.07,-0.02,129,1109,200,-15,27,100,12, 35.702095, 51.350708,1240.00,0.04,254

201,1097992,-3,21,330,1.00,-15,24,0,0,37,88552,1122,3.58,-0.81,9.22,-0.51,0.11,-0.02,127,1109,200,-15,27,100,12, 35.702095, 51.350708,1240.00,0.04,254

201,1098278,-3,21,330,1.00,-15,10,0,0,27,88551,1121,3.85,-0.57,9.62,-0.02,-0.19,0.04,128,1110,200,-15,27,100,12, 35.702095, 51.350708,1240.00,0.04,254

201,1098470,-3,21,330,1.00,-15,26,0,0,40,88554,1122,3.83,-0.71,9.41,0.04,0.05,-0.08,126,1110,200,-15,27,100,12, 35.702095, 51.350708,1240.00,0.04,254

201,1098662,-5,22,331,1.00,-15,11,0,0,27,88556,1122,3.75,-0.39,9.89,0.28,-0.37,0.10,123,1109,200,-15,27,100,12, 35.702095, 51.350708,1240.00,0.04,254

201,1098853,-4,21,330,1.00,-15,24,0,0,38,88551,1122,3.74,-0.66,9.57,-0.02,-0.07,-0.02,130,1109,200,-15,27,100,12, 35.702095, 51.350708,1240.00,0.04,254

201,1099141,-5,23,331,1.00,-15,10,0,0,27,88554,1121,3.82,-0.79,9.80,-0.02,-0.01,-0.20,126,1109,200,-15,27,100,12, 35.702095, 51.350708,1240.00,0.04,254

201,1099427,-3,22,330,1.00,-15,19,0,0,32,88552,1121,3.80,-0.69,9.72,0.22,0.05,-0.02,126,1110,200,-15,27,100,12, 35.702095, 51.350708,1240.00,0.04,254

201,1099715,-4,22,330,1.00,-15,22,0,0,36,88555,1121,3.88,-0.73,9.53,-0.08,0.11,0.04,127,1110,200,-15,27,100,12, 35.702095, 51.350708,1240.00,0.04,254

201,1099906,-4,21,330,1.00,-15,13,0,0,28,88555,1122,3.82,-0.58,9.54,-0.20,-0.01,-0.20,124,1109,200,-14,27,100,12, 35.702095, 51.350708,1240.00,0.04,254

201,1100097,-3,21,330,1.00,-15,16,0,0,30,88551,1122,3.70,-0.69,9.50,-0.14,0.24,0.10,129,1109,200,-15,27,100,12, 35.702095, 51.350708,1240.00,0.04,254

201,1100289,-3,21,330,1.00,-15,18,0,0,31,88554,1122,3.86,-0.69,9.46,-0.14,0.05,-0.32,128,1110,200,-15,27,100,12, 35.702095, 51.350708,1240.00,0.04,254

201,1100575,-4,21,330,1.00,-15,23,0,0,37,88553,1121,3.84,-0.69,9.52,-0.20,-0.01,-0.08,126,1109,200,-15,27,100,12, 35.702095, 51.350708,1240.00,0.04,254

201,1100768,-3,21,330,1.00,-15,16,0,0,30,88552,1122,3.79,-0.52,9.43,0.10,0.17,0.10,127,1109,200,-15,27,100,12, 35.702095, 51.350708,1240.00,0.04,254

201,1100958,-3,21,330,1.00,-15,17,0,0,33,88555,1121,3.80,-0.64,9.59,-0.08,0.17,-0.08,127,1109,200,-14,27,100,12, 35.702095, 51.350708,1240.00,0.04,254

201,1101150,-4,21,330,1.00,-15,19,0,0,32,88560,1122,3.82,-0.65,9.68,-0.02,0.05,-0.02,124,1109,200,-15,27,100,12, 35.702095, 51.350708,1240.00,0.04,254

201,1101341,-4,21,330,1.00,-15,11,0,0,27,88555,1122,3.79,-0.64,9.55,-0.02,0.17,-0.02,126,1110,200,-15,27,100,12, 35.702095, 51.350708,1240.00,0.04,254

201,1101532,-3,21,330,1.00,-15,23,0,0,36,88552,1122,3.81,-0.60,9.66,-0.02,-0.13,-0.02,124,1109,200,-14,27,100,12, 35.702095, 51.350708,1240.00,0.04,254

201,1101820,-3,21,330,1.00,-15,13,0,0,29,88552,1121,3.85,-0.59,9.69,0.22,-0.07,0.04,128,1110,200,-15,27,100,12, 35.702087, 51.350719,1240.00,0.24,254

201,1102106,-3,21,330,1.00,-15,11,0,0,24,88554,1121,3.80,-0.69,9.64,-0.02,-0.01,0.04,126,1109,200,-15,27,100,12, 35.702087, 51.350719,1240.00,0.24,254

201,1102394,-3,21,330,1.00,-15,25,0,0,35,88555,1122,3.84,-0.66,9.68,-0.14,-0.19,0.04,125,1109,200,-15,27,100,12, 35.702087, 51.350719,1240.00,0.24,254

201,1102682,-4,21,330,1.00,-15,14,0,0,29,88554,1122,3.83,-0.71,9.43,-0.02,-0.01,-0.08,126,1110,200,-15,27,100,12, 35.702087, 51.350719,1240.00,0.24,254

201,1102968,-2,19,328,1.00,-15,11,0,0,25,88556,1122,3.53,-0.95,9.39,-0.20,0.11,-0.02,126,1109,200,-14,27,100,12, 35.702087, 51.350719,1240.00,0.24,254

201,1103255,-4,21,330,1.00,-15,25,0,0,36,88554,1122,3.78,-0.69,9.52,0.04,-0.01,0.23,127,1109,200,-15,27,100,12, 35.702087, 51.350719,1240.00,0.24,254

201,1103542,-3,21,331,1.00,-15,17,0,0,32,88553,1122,4.02,-0.61,9.61,0.04,-0.25,0.10,124,1109,200,-15,27,100,12, 35.702087, 51.350719,1240.00,0.24,254

201,1103830,-3,21,330,1.00,-15,11,0,0,25,88557,1122,3.78,-0.53,9.66,0.16,-0.31,0.04,123,1109,200,-15,27,100,12, 35.702087, 51.350719,1240.00,0.24,254

201,1104020,-4,21,330,1.00,-15,23,0,0,37,88554,1121,3.85,-0.67,9.54,-0.45,0.24,-0.20,129,1110,200,-15,27,100,12, 35.702087, 51.350719,1240.00,0.24,254

201,1104212,-3,21,329,1.00,-15,14,0,0,28,88553,1122,3.80,-0.65,9.45,0.04,0.05,-0.20,125,1109,200,-15,27,100,12, 35.702087, 51.350719,1240.00,0.24,254

201,1104499,-3,20,330,1.00,-15,26,0,0,39,88554,1121,3.86,-0.66,9.64,-0.33,-0.13,0.04,126,1109,200,-15,27,100,12, 35.702087, 51.350719,1240.00,0.24,254

201,1104787,-3,21,330,1.00,-15,11,0,0,27,88553,1122,3.78,-0.75,9.66,-0.27,0.17,-0.08,127,1110,200,-15,27,100,12, 35.702087, 51.350719,1240.00,0.24,254

201,1105074,-3,21,329,1.00,-15,14,0,0,27,88556,1122,3.74,-0.72,9.40,-0.33,0.30,0.04,128,1110,200,-15,27,100,12, 35.702087, 51.350719,1240.00,0.24,254

201,1105360,-3,21,330,1.00,-15,26,0,0,38,88552,1122,3.81,-0.64,9.43,0.10,0.11,-0.14,128,1110,200,-15,27,100,12, 35.702087, 51.350719,1240.00,0.24,254

201,1105552,-3,21,330,1.00,-15,11,0,0,26,88555,1122,3.77,-0.69,9.60,0.04,0.05,0.04,125,1110,200,-15,27,100,12, 35.702087, 51.350719,1240.00,0.24,254

201,1105839,-4,21,330,1.00,-15,24,0,0,36,88555,1122,3.85,-0.63,9.47,-0.14,0.11,0.04,127,1109,200,-15,27,100,12, 35.702080, 51.350708,1240.00,0.24,254

201,1106125,-4,21,330,1.00,-15,17,0,0,32,88555,1122,3.80,-0.62,9.59,-0.14,0.11,-0.02,127,1109,200,-15,27,100,12, 35.702080, 51.350708,1240.00,0.24,254

201,1106413,-3,21,331,1.00,-15,11,0,0,26,88555,1122,3.79,-0.74,9.69,-0.20,-0.13,-0.02,128,1109,200,-15,27,100,12, 35.702080, 51.350708,1240.00,0.24,254

201,1106701,-3,21,330,1.00,-15,26,0,0,37,88551,1121,3.74,-0.69,9.58,0.10,0.05,-0.02,128,1109,200,-15,27,100,12, 35.702080, 51.350708,1240.00,0.24,254

201,1106988,-3,21,330,1.00,-15,16,0,0,32,88555,1122,3.85,-0.62,9.49,0.10,-0.19,0.04,129,1109,200,-14,27,100,12, 35.702080, 51.350708,1240.00,0.13,254

201,1107369,-3,21,330,1.00,-15,12,0,0,28,88557,1121,3.79,-0.62,9.54,0.10,-0.07,-0.08,129,1109,200,-15,27,100,12, 35.702080, 51.350708,1240.00,0.13,254

201,1107753,-4,21,330,1.00,-15,11,0,0,25,88554,1121,3.85,-0.71,9.63,0.04,0.11,-0.02,129,1109,200,-14,27,100,12, 35.702080, 51.350708,1240.00,0.13,254

201,1107944,-4,21,330,1.00,-15,26,0,0,39,88553,1122,3.84,-0.65,9.53,-0.08,-0.07,0.10,126,1109,200,-14,27,100,12, 35.702080, 51.350708,1240.00,0.13,254

201,1108135,-4,21,330,1.00,-15,12,0,0,27,88552,1122,3.84,-0.68,9.59,-0.08,-0.19,-0.02,131,1110,200,-15,27,100,12, 35.702080, 51.350708,1240.00,0.13,254

201,1108327,-3,21,330,1.00,-15,21,0,0,35,88553,1121,3.80,-0.75,9.53,0.22,0.11,0.10,127,1109,200,-15,27,100,12, 35.702080, 51.350708,1240.00,0.13,254

201,1108615,-3,22,330,1.00,-15,10,0,0,26,88555,1122,3.76,-0.65,9.70,-0.02,0.05,0.04,128,1109,200,-14,27,100,12, 35.702080, 51.350708,1240.00,0.13,254

201,1108901,-3,21,330,1.00,-15,21,0,0,33,88553,1121,3.83,-0.64,9.50,0.04,0.17,-0.02,126,1109,200,-15,27,100,12, 35.702080, 51.350708,1240.00,0.13,254

201,1109188,-3,21,330,1.00,-15,21,0,0,35,88554,1122,3.81,-0.66,9.57,0.16,-0.07,-0.02,128,1110,200,-15,27,100,12, 35.702080, 51.350708,1240.00,0.13,254

201,1109475,-3,21,331,1.00,-15,10,0,0,26,88557,1121,3.79,-0.66,9.66,-0.08,0.05,-0.08,126,1109,200,-15,27,100,12, 35.702080, 51.350708,1240.00,0.13,254

201,1109764,-3,21,330,1.00,-15,24,0,0,35,88554,1122,3.83,-0.74,9.60,-0.02,0.05,0.04,130,1109,200,-14,27,100,12, 35.702080, 51.350708,1240.00,0.13,254

201,1110145,-4,21,331,1.00,-15,26,0,0,38,88555,1121,3.80,-0.70,9.57,-0.08,0.05,-0.02,128,1109,200,-15,27,100,12, 35.702080, 51.350708,1240.00,0.13,254

201,1110432,-4,21,330,1.00,-15,15,0,0,31,88553,1122,3.80,-0.67,9.57,-0.14,-0.13,-0.14,123,1109,200,-15,27,100,12, 35.702080, 51.350708,1240.00,0.13,254

201,1110625,-4,21,330,1.00,-15,24,0,0,37,88555,1121,3.76,-0.63,9.60,0.04,-0.01,0.04,127,1109,200,-15,27,100,12, 35.702080, 51.350708,1240.00,0.13,254

201,1110815,-4,21,330,1.00,-15,10,0,0,27,88557,1122,3.86,-0.68,9.60,0.04,0.11,-0.02,128,1110,200,-15,27,100,12, 35.702080, 51.350708,1240.00,0.13,254

201,1111007,-3,21,330,1.00,-15,25,0,0,38,88557,1121,3.85,-0.63,9.53,-0.14,-0.19,-0.14,129,1110,200,-14,27,100,12, 35.702080, 51.350708,1240.00,0.13,254

201,1111293,-4,21,330,1.00,-15,13,0,0,30,88554,1121,3.82,-0.65,9.57,0.16,0.05,0.04,128,1110,200,-15,27,100,12, 35.702080, 51.350708,1240.00,0.13,254

201,1111580,-4,21,330,1.00,-15,12,0,0,25,88552,1121,3.84,-0.74,9.56,0.16,0.11,-0.08,126,1109,200,-15,27,100,12, 35.702080, 51.350708,1240.00,0.13,254

201,1111868,-4,21,330,1.00,-15,25,0,0,37,88554,1121,3.79,-0.65,9.64,-0.02,0.11,-0.08,130,1109,200,-14,27,100,12, 35.702080, 51.350708,1240.00,0.13,254

201,1112059,-3,21,330,1.00,-15,10,0,0,26,88555,1121,3.86,-0.67,9.53,0.04,0.05,-0.14,128,1109,200,-14,27,100,12, 35.702080, 51.350708,1240.00,0.13,254

201,1112250,-3,22,330,1.00,-15,25,0,0,39,88555,1121,3.85,-0.73,9.60,0.16,0.05,0.04,129,1109,200,-15,27,100,12, 35.702080, 51.350708,1240.00,0.13,254

201,1112441,-3,21,331,1.00,-15,11,0,0,26,88557,1122,3.88,-0.62,9.51,-0.02,0.11,0.04,130,1109,200,-15,27,100,12, 35.702080, 51.350708,1240.00,0.13,254

201,1112634,-4,21,330,1.00,-15,18,0,0,33,88554,1122,3.83,-0.77,9.60,0.04,0.05,-0.02,131,1109,200,-14,27,100,12, 35.702080, 51.350708,1240.00,0.13,254

201,1112825,-4,21,330,1.00,-15,17,0,0,31,88557,1122,3.78,-0.65,9.57,0.04,0.11,-0.02,131,1109,200,-14,27,100,12, 35.702080, 51.350708,1240.00,0.13,254

201,1113016,-6,23,330,1.00,-15,14,0,0,29,88553,1122,3.97,-0.85,9.49,1.20,2.37,-1.48,130,1111,205,-15,27,100,12, 35.702080, 51.350708,1240.00,0.13,254

201,1113207,-1,24,332,1.00,-15,21,0,0,33,88556,1121,4.88,-0.38,9.52,-0.27,-1.59,-0.26,135,1101,207,-17,27,100,12, 35.702080, 51.350708,1240.00,0.13,254

201,1113399,-5,21,330,1.00,-15,10,0,0,26,88555,1122,3.65,-1.05,9.47,0.71,1.94,-0.32,131,1125,255,-19,27,100,12, 35.702080, 51.350708,1240.00,0.13,254

201,1113590,-4,23,269,1.00,-15,25,0,0,38,88554,1121,4.04,-0.42,8.95,-1.30,0.24,0.10,133,1125,234,-17,27,100,12, 35.702080, 51.350708,1240.00,0.13,254

201,1113877,-2,17,287,1.00,-15,13,0,0,30,88551,1122,3.04,-0.58,9.14,-0.88,0.30,0.23,134,1099,151,-9,27,100,12, 35.702080, 51.350708,1240.00,0.13,254

201,1114165,-3,21,295,1.00,-15,12,0,0,26,88554,1122,4.14,-0.86,9.83,1.38,-1.05,-0.02,133,1106,217,-15,27,100,12, 35.702080, 51.350708,1240.00,0.13,254

201,1114451,-4,22,296,1.00,-15,26,0,0,37,88553,1121,3.56,-0.60,9.43,0.40,0.91,0.04,140,1097,188,-12,27,100,12, 35.702080, 51.350708,1240.00,0.13,254

201,1114739,-3,22,299,1.00,-15,14,0,0,29,88551,1122,2.64,-0.65,10.21,1.75,3.71,-0.32,135,1092,181,-10,27,100,12, 35.702080, 51.350708,1240.00,0.13,254

201,1114930,-2,21,299,1.00,-15,21,0,0,34,88553,1122,3.96,-0.61,9.13,0.10,2.67,-0.08,137,1123,249,-13,27,100,12, 35.702080, 51.350708,1240.00,0.13,254

201,1115216,-4,20,300,1.00,-15,21,0,0,36,88551,1122,3.36,-0.71,10.06,1.50,2.92,-0.20,143,1167,277,-11,27,100,12, 35.702080, 51.350708,1240.00,0.13,254

201,1115504,-4,18,299,1.00,-15,10,0,0,26,88551,1122,3.38,-0.67,10.13,1.56,4.14,-0.08,142,1199,342,-10,27,100,12, 35.702080, 51.350708,1240.00,0.13,254

201,1115792,-3,17,299,1.00,-15,23,0,0,35,88556,1122,3.15,-0.56,10.21,0.65,6.45,0.29,145,1216,365,-7,27,100,12, 35.702080, 51.350708,1240.00,0.13,254

201,1116078,-3,17,299,1.00,-15,22,0,0,37,88555,1121,3.02,-0.59,9.85,-0.27,3.22,0.29,149,1222,345,-6,27,100,12, 35.702080, 51.350708,1240.00,0.13,254

201,1116269,-2,16,299,1.00,-15,14,0,0,28,88555,1121,2.87,-0.45,10.05,-0.27,2.13,-0.14,145,1258,416,-6,27,100,12, 35.702080, 51.350708,1240.00,0.13,254

201,1116557,-3,15,298,1.00,-15,25,0,0,39,88556,1122,2.78,-0.57,9.99,0.10,-0.74,-0.08,147,1277,401,-5,27,100,12, 35.702080, 51.350708,1240.00,0.13,254

201,1116845,-2,16,298,1.00,-15,10,0,0,27,88557,1122,3.54,-0.69,9.84,-0.51,0.30,-0.51,147,1261,399,-5,27,100,12, 35.702080, 51.350708,1240.00,0.13,254

201,1117130,-3,14,298,1.00,-15,15,0,0,27,88554,1121,2.79,-0.61,9.89,0.22,-0.31,-0.14,146,1259,409,-7,27,100,12, 35.702080, 51.350708,1240.00,0.13,254

201,1117322,-3,15,298,1.00,-15,16,0,0,30,88555,1122,2.89,-0.65,9.93,0.34,-0.19,-0.08,143,1244,390,-5,27,100,12, 35.702080, 51.350708,1240.00,0.13,254

201,1117513,-3,15,298,1.00,-15,18,0,0,30,88552,1122,2.80,-0.55,9.89,0.04,-0.19,-0.02,145,1250,387,-5,27,100,12, 35.702080, 51.350708,1240.00,0.13,254

201,1117706,-3,16,298,1.00,-15,10,0,0,25,88553,1121,2.82,-0.52,9.97,-0.20,-0.25,-0.02,145,1250,384,-5,27,100,12, 35.702076, 51.350697,1240.00,0.13,254

201,1117992,-3,16,298,1.00,-15,15,0,0,26,88556,1121,2.83,-0.56,10.01,-0.02,-0.13,-0.02,142,1244,380,-5,27,100,12, 35.702076, 51.350697,1240.00,0.13,254

201,1118279,-3,15,298,1.00,-15,25,0,0,38,88554,1122,2.89,-0.60,9.86,-0.14,-0.07,-0.08,145,1235,374,-6,27,100,12, 35.702076, 51.350697,1240.00,0.13,254

201,1118566,-3,15,298,1.00,-15,12,0,0,27,88552,1122,2.84,-0.54,9.91,0.22,-0.25,-0.02,144,1228,365,-6,27,100,12, 35.702076, 51.350697,1240.00,0.13,254

201,1118854,-3,15,298,1.00,-15,16,0,0,28,88554,1121,2.90,-0.57,9.96,-0.20,0.05,0.16,143,1221,358,-6,27,100,12, 35.702076, 51.350697,1240.00,0.13,254

201,1119140,-3,15,298,1.00,-15,26,0,0,39,88552,1122,2.88,-0.58,9.93,-0.20,-0.19,-0.02,145,1214,351,-6,27,100,12, 35.702076, 51.350697,1240.00,0.13,254

201,1119523,-2,15,298,1.00,-15,22,0,0,38,88552,1122,2.80,-0.54,10.07,0.16,0.36,-0.20,143,1219,364,-6,27,100,12, 35.702076, 51.350697,1240.00,0.13,254

201,1119810,-3,15,298,1.00,-15,11,0,0,27,88554,1122,2.87,-0.57,9.81,-0.08,0.66,-0.14,145,1239,388,-5,27,100,12, 35.702076, 51.350697,1240.00,0.13,254

201,1120097,-3,15,298,1.00,-15,19,0,0,32,88555,1121,2.82,-0.65,9.97,0.16,0.54,-0.08,147,1257,399,-5,27,100,12, 35.702076, 51.350697,1240.00,0.13,254

201,1120288,-2,15,298,1.00,-15,13,0,0,28,88553,1122,2.86,-0.62,10.16,-0.81,-0.80,0.35,142,1261,400,-5,27,100,12, 35.702076, 51.350697,1240.00,0.13,254

201,1120576,-3,16,298,1.00,-15,16,0,0,28,88553,1122,2.96,-0.65,9.99,0.16,-0.92,0.29,139,1242,378,-6,27,100,12, 35.702076, 51.350697,1240.00,0.13,254

201,1120863,-3,15,297,1.00,-15,26,0,0,38,88555,1122,2.94,-0.66,10.17,-1.00,-2.63,0.29,142,1212,330,-6,27,100,12, 35.702076, 51.350697,1240.00,0.13,254

201,1121150,-3,16,298,1.00,-15,12,0,0,28,88554,1122,3.03,-0.78,9.77,-1.06,-4.34,-0.02,141,1161,227,-7,27,100,12, 35.702076, 51.350697,1240.00,0.13,254

201,1121437,-4,17,298,1.00,-15,15,0,0,27,88550,1122,3.13,-0.78,9.58,0.71,-3.18,-0.69,130,1132,196,-8,27,100,12, 35.702076, 51.350697,1240.00,0.13,254

201,1121725,-4,19,299,1.00,-15,25,0,0,38,88555,1122,3.42,-0.61,9.66,0.47,-2.57,-0.02,130,1104,157,-10,27,100,12, 35.702076, 51.350697,1240.00,0.13,254

201,1122012,-3,19,298,1.00,-15,12,0,0,28,88553,1122,3.54,-0.59,9.69,-0.45,-6.53,-0.20,125,1085,110,-12,27,100,12, 35.702076, 51.350697,1240.00,0.13,254

201,1122298,-5,20,299,1.00,-15,16,0,0,28,88553,1121,3.38,-0.83,9.93,-1.79,-1.23,0.04,129,1096,162,-11,27,100,12, 35.702076, 51.350697,1240.00,0.13,254

201,1122586,-5,22,297,1.00,-15,26,0,0,38,88556,1122,4.60,-0.99,9.61,0.71,-0.25,-0.32,126,1050,107,-15,27,100,12, 35.702076, 51.350697,1240.00,0.13,254

201,1122873,-2,20,294,1.00,-15,12,0,0,28,88553,1122,3.33,-0.53,9.51,-0.14,0.97,-0.51,130,1089,144,-11,27,100,12, 35.702076, 51.350697,1240.00,0.13,254

201,1123160,-3,19,291,1.00,-15,15,0,0,28,88553,1122,3.47,-0.56,9.78,-0.94,0.30,0.10,128,1097,149,-12,27,100,12, 35.702076, 51.350697,1240.00,0.13,254

201,1123543,-3,21,249,1.00,-15,20,0,0,30,88554,1122,3.62,-0.46,9.64,0.22,2.13,0.10,127,1090,166,-14,27,100,12, 35.702076, 51.350697,1240.00,0.13,254

201,1123829,-4,20,267,1.00,-15,25,0,0,38,88553,1122,3.86,-0.85,9.14,0.53,-0.37,-0.26,129,1102,175,-15,27,100,12, 35.702076, 51.350697,1240.00,0.13,254

201,1124117,-3,20,328,1.00,-15,10,0,0,26,88555,1121,3.85,-0.60,9.53,0.47,-1.17,-0.69,128,1100,186,-16,27,100,12, 35.702076, 51.350697,1240.00,0.13,254

201,1124308,-3,20,330,1.00,-15,28,0,0,40,88556,1122,3.79,-0.70,9.74,0.16,0.24,0.23,124,1107,176,-15,27,100,12, 35.702076, 51.350697,1240.00,0.13,254

201,1124498,-3,19,330,1.00,-15,9,0,0,26,88556,1122,3.36,-0.61,9.51,0.04,0.11,0.16,126,1104,168,-14,27,100,12, 35.702076, 51.350697,1240.00,0.13,254

201,1124690,-3,20,333,1.00,-15,24,0,0,38,88557,1121,5.06,-0.06,11.30,2.60,-0.74,-0.38,128,1094,158,-14,27,100,12, 35.702076, 51.350697,1240.00,0.13,254

201,1124883,-3,19,330,1.00,-15,15,0,0,30,88554,1122,3.69,-0.84,9.62,0.95,-0.86,-0.63,130,1115,189,-15,27,100,12, 35.702076, 51.350697,1240.00,0.13,254

201,1125073,-5,20,330,1.00,-15,16,0,0,31,88554,1122,3.71,-0.65,9.97,0.28,-1.35,-0.14,128,1099,167,-13,27,100,12, 35.702076, 51.350697,1240.00,0.13,254

201,1125265,-3,21,330,1.00,-15,19,0,0,32,88554,1121,3.68,-1.04,9.50,-0.02,0.24,0.10,128,1109,162,-14,27,100,12, 35.702076, 51.350697,1240.00,0.13,254

201,1125456,-2,21,331,1.00,-15,11,0,0,27,88557,1121,3.84,-0.74,9.78,-0.81,-0.19,0.16,125,1082,155,-14,27,100,12, 35.702076, 51.350697,1240.00,0.13,254

201,1125649,-2,20,331,1.00,-15,26,0,0,38,88556,1122,3.70,-0.58,9.51,-0.57,0.05,-0.14,126,1087,151,-14,27,100,12, 35.702076, 51.350697,1240.00,0.13,254

201,1125935,-3,20,330,1.00,-15,16,0,0,32,88554,1121,3.77,-0.77,9.53,-1.06,0.11,0.04,126,1096,152,-14,27,100,12, 35.702076, 51.350697,1240.00,0.13,254

201,1126221,-4,21,329,1.00,-15,10,0,0,25,88553,1122,3.71,-0.79,9.47,0.04,0.05,-0.20,125,1100,153,-14,27,100,12, 35.702076, 51.350697,1240.00,0.13,254

201,1126509,-4,20,329,1.00,-15,25,0,0,36,88554,1122,3.76,-0.72,9.61,0.59,-0.07,-0.38,122,1097,154,-14,27,100,12, 35.702076, 51.350697,1240.00,0.13,254

201,1126702,-4,21,329,1.00,-15,10,0,0,25,88554,1122,3.68,-0.77,9.58,-0.02,0.11,-0.08,125,1094,153,-14,27,100,12, 35.702076, 51.350697,1240.00,0.13,254

201,1126892,-4,21,330,1.00,-15,26,0,0,39,88553,1121,3.79,-0.70,9.59,-0.63,-0.07,0.29,124,1093,155,-14,27,100,12, 35.702076, 51.350697,1240.00,0.13,254

201,1127084,-3,21,331,1.00,-15,10,0,0,26,88554,1121,3.76,-0.65,9.53,-0.51,0.24,0.10,123,1095,155,-14,27,100,12, 35.702076, 51.350697,1240.00,0.13,254

201,1127370,-3,20,330,1.00,-15,24,0,0,36,88552,1122,3.74,-0.73,9.64,-0.39,0.11,0.10,124,1095,154,-14,27,100,12, 35.702076, 51.350697,1240.00,0.13,254

201,1127658,-4,20,329,1.00,-15,15,0,0,31,88554,1121,3.69,-0.75,9.64,0.34,0.11,-0.32,123,1092,154,-14,27,100,12, 35.702076, 51.350697,1240.00,0.13,254

201,1127944,-4,21,330,1.00,-15,11,0,0,25,88553,1122,3.74,-0.66,9.55,0.22,-0.19,-0.20,124,1091,154,-14,27,100,12, 35.702076, 51.350697,1240.00,0.13,254

201,1128231,-3,21,330,1.00,-15,25,0,0,36,88552,1122,3.71,-0.56,9.49,-0.14,-0.07,-0.02,123,1095,154,-14,27,100,12, 35.702076, 51.350697,1240.00,0.13,254

201,1128519,-3,21,330,1.00,-15,16,0,0,31,88553,1122,3.77,-0.68,9.64,-0.27,0.17,0.04,125,1093,155,-14,27,100,12, 35.702076, 51.350697,1240.00,0.13,254

201,1128806,-4,21,329,1.00,-15,12,0,0,26,88555,1122,3.70,-0.78,9.67,-0.08,0.05,-0.14,122,1095,155,-14,27,100,12, 35.702076, 51.350697,1240.00,0.13,254

201,1128997,-4,21,330,1.00,-15,22,0,0,36,88554,1122,3.68,-0.69,9.57,-0.33,0.05,0.10,126,1091,154,-14,27,100,12, 35.702076, 51.350697,1240.00,0.13,254

201,1129188,-3,21,330,1.00,-15,14,0,0,28,88554,1122,3.74,-0.63,9.57,-0.39,0.11,0.29,124,1093,155,-14,27,100,12, 35.702076, 51.350697,1240.00,0.13,254

201,1129379,-4,21,330,1.00,-15,17,0,0,31,88553,1121,3.81,-0.59,9.62,-0.02,-0.01,-0.02,124,1093,155,-14,27,100,12, 35.702076, 51.350697,1240.00,0.13,254

201,1129572,-4,21,330,1.00,-15,22,0,0,35,88557,1121,3.70,-0.62,9.63,0.22,-0.19,-0.02,123,1095,155,-14,27,100,12, 35.702076, 51.350697,1240.00,0.13,254

201,1129762,-4,21,330,1.00,-15,11,0,0,27,88555,1121,3.70,-0.72,9.50,0.10,0.05,-0.26,124,1094,156,-14,27,100,12, 35.702053, 51.350704,1240.00,0.06,254

201,1130049,-3,21,330,1.00,-15,14,0,0,26,88556,1121,3.80,-0.65,9.64,0.22,0.05,-0.02,126,1093,156,-14,27,100,12, 35.702053, 51.350704,1240.00,0.06,254

201,1130337,-3,21,330,1.00,-15,25,0,0,38,88555,1122,3.75,-0.69,9.63,-0.14,-0.01,-0.14,124,1091,156,-14,27,100,12, 35.702053, 51.350704,1240.00,0.06,254

201,1130625,-4,21,330,1.00,-15,10,0,0,26,88555,1121,3.75,-0.70,9.67,-0.08,-0.01,0.04,122,1092,156,-14,27,100,12, 35.702053, 51.350704,1240.00,0.06,254

201,1130911,-4,21,330,1.00,-15,17,0,0,29,88558,1122,3.73,-0.69,9.64,0.04,-0.07,-0.14,122,1094,156,-14,27,100,12, 35.702053, 51.350704,1240.00,0.06,254

201,1131198,-4,21,330,1.00,-15,25,0,0,38,88554,1122,3.78,-0.69,9.52,0.22,0.17,-0.14,125,1092,156,-14,27,100,12, 35.702053, 51.350704,1240.00,0.06,254

201,1131485,-4,21,330,1.00,-15,12,0,0,28,88555,1122,3.74,-0.66,9.60,-0.08,-0.07,-0.02,124,1092,156,-14,27,100,12, 35.702053, 51.350704,1240.00,0.06,254

201,1131773,-3,21,330,1.00,-15,18,0,0,31,88554,1122,3.71,-0.67,9.59,-0.14,0.11,-0.02,124,1094,156,-14,27,100,12, 35.702053, 51.350704,1240.00,0.06,254

201,1132059,-3,20,330,1.00,-15,26,0,0,39,88550,1121,3.75,-0.65,9.58,0.04,0.05,-0.02,123,1094,156,-14,27,100,12, 35.702053, 51.350704,1240.00,0.06,254

201,1132346,-4,20,330,1.00,-15,12,0,0,28,88553,1122,3.73,-0.69,9.62,-0.08,0.05,-0.02,124,1094,156,-14,27,100,12, 35.702053, 51.350704,1240.00,0.06,254

201,1132635,-3,21,330,1.00,-15,17,0,0,30,88552,1121,3.80,-0.67,9.67,0.10,-0.01,-0.08,121,1092,156,-14,27,100,12, 35.702053, 51.350704,1240.00,0.06,254

201,1132920,-3,21,330,1.00,-15,26,0,0,39,88552,1122,3.69,-0.70,9.54,-0.14,-0.01,0.04,124,1092,156,-14,27,100,12, 35.702053, 51.350704,1240.00,0.06,254

201,1133208,-3,21,330,1.00,-15,11,0,0,28,88553,1122,3.70,-0.77,9.62,0.04,0.05,-0.02,122,1093,156,-14,27,100,12, 35.702053, 51.350704,1240.00,0.06,254

201,1133495,-4,21,329,1.00,-15,15,0,0,28,88552,1122,3.68,-0.67,9.63,0.22,-0.13,-0.20,122,1094,156,-14,27,100,12, 35.702053, 51.350704,1240.00,0.06,254

201,1133687,-3,21,330,1.00,-15,14,0,0,28,88552,1122,3.72,-0.67,9.65,0.10,0.05,-0.02,123,1094,157,-14,27,100,12, 35.702053, 51.350704,1240.00,0.06,254

201,1133973,-3,20,330,1.00,-15,12,0,0,25,88552,1122,3.70,-0.64,9.57,0.16,0.05,0.10,125,1093,157,-14,27,100,12, 35.702053, 51.350704,1240.00,0.06,254

201,1134260,-3,21,330,1.00,-15,25,0,0,36,88553,1122,3.72,-0.69,9.60,-0.14,-0.13,0.04,126,1093,157,-14,27,100,12, 35.702053, 51.350704,1240.00,0.06,254

201,1134547,-3,21,330,1.00,-15,15,0,0,30,88552,1122,3.75,-0.72,9.66,-0.14,-0.07,-0.02,122,1093,157,-14,27,100,12, 35.702053, 51.350704,1240.00,0.06,254

201,1134835,-4,20,330,1.00,-15,13,0,0,27,88554,1121,3.78,-0.68,9.62,-0.20,0.11,-0.08,124,1093,157,-14,27,100,12, 35.702053, 51.350704,1240.00,0.06,254

201,1135122,-4,20,330,1.00,-15,26,0,0,37,88554,1122,3.75,-0.65,9.56,-0.02,0.11,-0.02,125,1093,157,-14,27,100,12, 35.702053, 51.350704,1240.00,0.06,254

201,1135504,-3,21,330,1.00,-15,25,0,0,39,88553,1122,3.79,-0.74,9.54,-0.02,-0.07,0.04,125,1094,157,-14,27,100,12, 35.702053, 51.350704,1240.00,0.06,254

201,1135887,-4,21,330,1.00,-15,20,0,0,36,88553,1122,3.75,-0.66,9.57,0.04,-0.01,0.04,124,1093,157,-14,27,100,12, 35.702053, 51.350704,1240.00,0.06,254

201,1136174,-4,21,330,1.00,-15,10,0,0,27,88551,1122,3.72,-0.66,9.57,0.04,0.05,0.04,123,1094,157,-14,27,100,12, 35.702053, 51.350704,1240.00,0.06,254

201,1136460,-3,20,330,1.00,-15,20,0,0,32,88553,1122,3.70,-0.68,9.54,0.22,0.05,-0.08,124,1094,157,-14,27,100,12, 35.702053, 51.350704,1240.00,0.06,254

201,1136749,-4,21,330,1.00,-15,18,0,0,33,88553,1121,3.72,-0.66,9.56,0.04,0.05,-0.08,123,1093,157,-14,27,100,12, 35.702053, 51.350704,1240.00,0.06,254

201,1136940,-3,21,330,1.00,-15,17,0,0,30,88553,1122,3.73,-0.61,9.64,0.16,-0.13,-0.20,117,1094,157,-14,27,100,12, 35.702053, 51.350704,1240.00,0.06,254

201,1137131,-3,20,330,1.00,-15,13,0,0,28,88555,1121,3.73,-0.69,9.59,0.04,-0.01,-0.08,124,1093,157,-14,27,100,12, 35.702053, 51.350704,1240.00,0.06,254

201,1137323,-3,21,330,1.00,-15,22,0,0,35,88553,1122,3.70,-0.77,9.70,-0.02,0.11,-0.02,120,1093,157,-14,27,100,12, 35.702053, 51.350704,1240.00,0.06,254

201,1137513,-3,21,330,1.00,-15,11,0,0,26,88556,1122,3.72,-0.70,9.55,-0.02,0.11,-0.08,123,1093,157,-14,27,100,12, 35.702053, 51.350704,1240.00,0.06,254

201,1137707,-4,21,330,1.00,-15,25,0,0,38,88552,1121,3.80,-0.65,9.61,-0.08,-0.01,-0.20,125,1093,157,-14,27,100,12, 35.702057, 51.350716,1240.00,0.04,254

201,1137993,-4,21,330,1.00,-15,12,0,0,28,88553,1121,3.69,-0.67,9.63,-0.02,0.05,0.04,123,1093,157,-14,27,100,12, 35.702057, 51.350716,1240.00,0.04,254

201,1138279,-3,21,330,1.00,-15,13,0,0,26,88553,1122,3.71,-0.69,9.57,0.16,-0.07,-0.14,122,1094,157,-14,27,100,12, 35.702057, 51.350716,1240.00,0.04,254

201,1138470,-3,21,330,1.00,-15,19,0,0,33,88554,1122,3.68,-0.66,9.52,0.04,0.17,-0.02,125,1093,157,-14,27,100,12, 35.702057, 51.350716,1240.00,0.04,254

201,1138663,-4,21,330,1.00,-15,19,0,0,32,88557,1121,3.74,-0.67,9.58,-0.02,-0.01,0.04,122,1093,157,-14,27,100,12, 35.702057, 51.350716,1240.00,0.04,254

201,1138853,-4,21,330,1.00,-15,12,0,0,28,88556,1121,3.68,-0.64,9.54,0.04,0.05,0.04,123,1094,157,-14,27,100,12, 35.702057, 51.350716,1240.00,0.04,254

201,1139045,-4,20,330,1.00,-15,22,0,0,35,88554,1122,3.76,-0.66,9.61,-0.08,0.11,0.10,123,1093,157,-14,27,100,12, 35.702057, 51.350716,1240.00,0.04,254

201,1139332,-3,21,330,1.00,-15,18,0,0,34,88553,1122,3.79,-0.63,9.54,-0.02,0.05,-0.02,124,1094,158,-14,27,100,12, 35.702057, 51.350716,1240.00,0.04,254

201,1139620,-4,21,330,1.00,-15,12,0,0,26,88555,1121,3.70,-0.66,9.60,0.04,-0.01,-0.02,123,1094,158,-14,27,100,12, 35.702057, 51.350716,1240.00,0.04,254

201,1139906,-4,21,330,1.00,-15,24,0,0,35,88553,1122,3.76,-0.66,9.64,-0.02,0.05,0.04,123,1094,158,-14,27,100,12, 35.702057, 51.350716,1240.00,0.04,254

201,1140193,-3,21,330,1.00,-15,17,0,0,32,88553,1122,3.72,-0.70,9.61,0.22,-0.01,-0.14,123,1094,158,-14,27,100,12, 35.702057, 51.350716,1240.00,0.04,254

201,1140481,-3,21,330,1.00,-15,11,0,0,26,88554,1121,3.77,-0.72,9.68,-0.02,-0.07,0.10,124,1094,158,-14,27,100,12, 35.702057, 51.350716,1240.00,0.04,254

201,1140768,-3,21,330,1.00,-15,25,0,0,36,88551,1121,3.74,-0.72,9.68,-0.02,-0.01,-0.02,124,1093,158,-14,27,100,12, 35.702057, 51.350716,1240.00,0.04,254

201,1140960,-3,21,330,1.00,-15,10,0,0,26,88555,1122,3.74,-0.73,9.66,0.16,-0.13,-0.08,124,1093,158,-14,27,100,12, 35.702057, 51.350716,1240.00,0.04,254

201,1141150,-4,21,330,1.00,-15,25,0,0,38,88554,1122,3.74,-0.65,9.60,-0.14,0.05,0.10,121,1093,158,-14,27,100,12, 35.702057, 51.350716,1240.00,0.04,254

201,1141342,-3,21,330,1.00,-15,10,0,0,26,88555,1121,3.73,-0.68,9.62,0.10,0.11,0.04,123,1094,158,-14,27,100,12, 35.702057, 51.350716,1240.00,0.04,254

201,1141532,-4,21,330,1.00,-15,23,0,0,38,88553,1122,3.75,-0.67,9.58,-0.02,-0.07,-0.08,124,1094,158,-14,27,100,12, 35.702057, 51.350716,1240.00,0.04,254

201,1141726,-4,21,330,1.00,-15,14,0,0,29,88556,1122,3.69,-0.74,9.54,-0.02,0.05,-0.08,124,1093,158,-14,27,100,12, 35.702068, 51.350727,1240.00,0.25,254

201,1142011,-4,21,330,1.00,-15,25,0,0,38,88553,1122,3.68,-0.68,9.58,0.16,-0.01,-0.02,119,1094,158,-14,27,100,12, 35.702068, 51.350727,1240.00,0.25,254

201,1142299,-4,21,330,1.00,-15,12,0,0,28,88553,1121,3.77,-0.74,9.70,-0.02,0.05,-0.08,121,1094,158,-14,27,100,12, 35.702068, 51.350727,1240.00,0.25,254

201,1142587,-3,20,330,1.00,-15,15,0,0,28,88551,1122,3.69,-0.68,9.63,-0.02,-0.07,-0.02,123,1094,158,-14,27,100,12, 35.702068, 51.350727,1240.00,0.25,254

201,1142874,-4,21,330,1.00,-15,24,0,0,37,88552,1122,3.74,-0.73,9.65,0.04,-0.19,-0.02,127,1094,158,-14,27,100,12, 35.702068, 51.350727,1240.00,0.25,254

201,1143064,-3,20,330,1.00,-15,11,0,0,26,88552,1122,3.74,-0.65,9.69,-0.08,-0.01,-0.02,120,1094,158,-14,27,100,12, 35.702068, 51.350727,1240.00,0.25,254

201,1143352,-4,21,330,1.00,-15,25,0,0,36,88554,1121,3.74,-0.72,9.62,-0.02,-0.07,0.04,122,1093,158,-14,27,100,12, 35.702068, 51.350727,1240.00,0.25,254

201,1143640,-3,21,330,1.00,-15,14,0,0,30,88554,1122,3.74,-0.70,9.63,0.16,0.11,-0.02,125,1094,158,-14,27,100,12, 35.702068, 51.350727,1240.00,0.25,254

201,1143925,-4,21,330,1.00,-15,11,0,0,24,88554,1122,3.71,-0.68,9.56,-0.08,0.05,-0.20,123,1094,158,-14,27,100,12, 35.702068, 51.350727,1240.00,0.25,254

201,1144213,-3,21,330,1.00,-15,24,0,0,35,88553,1121,3.73,-0.71,9.66,0.16,0.17,-0.08,119,1094,158,-14,27,100,12, 35.702068, 51.350727,1240.00,0.25,254

201,1144500,-4,21,330,1.00,-15,17,0,0,33,88554,1122,3.66,-0.67,9.59,0.16,-0.01,0.10,122,1094,158,-14,27,100,12, 35.702068, 51.350727,1240.00,0.25,254

201,1144883,-3,21,329,1.00,-15,12,0,0,28,88552,1122,3.67,-0.69,9.53,-0.20,-0.07,-0.08,123,1094,158,-14,27,100,12, 35.702068, 51.350727,1240.00,0.25,254

201,1145169,-3,21,330,1.00,-15,15,0,0,28,88555,1121,3.66,-0.67,9.63,-0.08,-0.07,0.04,124,1093,158,-14,27,100,12, 35.702068, 51.350727,1240.00,0.25,254

201,1145361,-3,21,330,1.00,-15,17,0,0,31,88552,1121,3.74,-0.67,9.57,0.16,0.05,-0.08,124,1094,158,-14,27,100,12, 35.702068, 51.350727,1240.00,0.25,254

201,1145552,-3,21,330,1.00,-15,19,0,0,32,88556,1121,3.69,-0.71,9.70,0.10,0.17,-0.08,125,1094,158,-14,27,100,12, 35.702068, 51.350727,1240.00,0.25,254

201,1145744,-4,21,330,1.00,-15,12,0,0,28,88555,1122,3.75,-0.71,9.67,0.16,-0.01,-0.20,124,1094,158,-14,27,100,12, 35.702072, 51.350731,1240.00,0.11,254

201,1146031,-4,21,330,1.00,-15,15,0,0,27,88553,1122,3.75,-0.71,9.61,0.10,0.11,-0.02,122,1094,158,-14,27,100,12, 35.702072, 51.350731,1240.00,0.11,254

201,1146317,-3,21,330,1.00,-15,26,0,0,38,88556,1122,3.72,-0.68,9.53,-0.33,-0.07,-0.02,123,1094,158,-14,27,100,12, 35.702072, 51.350731,1240.00,0.11,254

201,1146606,-4,21,330,1.00,-15,11,0,0,27,88555,1122,3.73,-0.68,9.70,0.10,-0.19,0.04,123,1093,158,-14,27,100,12, 35.702072, 51.350731,1240.00,0.11,254

201,1146893,-4,21,330,1.00,-15,15,0,0,28,88554,1122,3.73,-0.67,9.60,0.04,0.11,0.04,123,1094,158,-14,27,100,12, 35.702072, 51.350731,1240.00,0.11,254

201,1147179,-4,20,330,1.00,-15,26,0,0,38,88553,1121,3.78,-0.67,9.65,-0.02,-0.13,-0.08,124,1094,158,-14,27,100,12, 35.702072, 51.350731,1240.00,0.11,254

201,1147563,-3,21,330,1.00,-15,22,0,0,38,88552,1122,3.74,-0.60,9.58,0.10,0.11,0.04,124,1093,158,-14,27,100,12, 35.702072, 51.350731,1240.00,0.11,254

201,1147848,-3,21,330,1.00,-15,11,0,0,27,88556,1122,3.73,-0.65,9.68,-0.02,0.11,0.04,123,1094,158,-14,27,100,12, 35.702072, 51.350731,1240.00,0.11,254

201,1148136,-3,21,330,1.00,-15,19,0,0,31,88551,1121,3.71,-0.70,9.60,0.04,0.11,-0.02,124,1094,158,-14,27,100,12, 35.702072, 51.350731,1240.00,0.11,254

201,1148423,-4,20,330,1.00,-15,24,0,0,38,88554,1122,3.72,-0.69,9.54,-0.02,0.05,-0.02,124,1093,158,-14,27,100,12, 35.702072, 51.350731,1240.00,0.11,254

201,1148807,-4,20,330,1.00,-15,16,0,0,32,88552,1122,3.74,-0.71,9.58,-0.02,0.05,0.04,124,1093,158,-14,27,100,12, 35.702072, 51.350731,1240.00,0.11,254

201,1149092,-3,21,330,1.00,-15,11,0,0,26,88554,1122,3.77,-0.68,9.65,0.04,0.11,-0.08,124,1093,158,-14,27,100,12, 35.702072, 51.350731,1240.00,0.11,254

201,1149380,-4,21,330,1.00,-15,24,0,0,35,88552,1122,3.72,-0.70,9.53,0.10,-0.07,-0.08,123,1093,158,-14,27,100,12, 35.702072, 51.350731,1240.00,0.11,254

201,1149668,-4,21,330,1.00,-15,15,0,0,31,88555,1122,3.74,-0.67,9.61,-0.14,0.17,-0.08,123,1093,158,-14,27,100,12, 35.702072, 51.350731,1240.00,0.11,254

201,1149858,-4,20,330,1.00,-15,19,0,0,32,88551,1122,3.76,-0.68,9.59,-0.02,0.24,0.04,123,1093,158,-14,27,100,12, 35.702072, 51.350731,1240.00,0.11,254

201,1150050,-3,21,330,1.00,-15,13,0,0,28,88556,1122,3.73,-0.62,9.60,-0.08,-0.13,-0.08,124,1094,158,-14,27,100,12, 35.702072, 51.350731,1240.00,0.11,254

201,1150241,-4,21,330,1.00,-15,25,0,0,37,88554,1122,3.71,-0.71,9.67,0.10,-0.01,0.10,124,1094,158,-14,27,100,12, 35.702072, 51.350731,1240.00,0.11,254

201,1150432,-4,21,330,1.00,-15,11,0,0,26,88554,1122,3.77,-0.68,9.66,-0.02,-0.07,-0.02,123,1094,159,-14,27,100,12, 35.702072, 51.350731,1240.00,0.11,254

201,1150625,-3,21,330,1.00,-15,24,0,0,38,88552,1121,3.73,-0.66,9.56,-0.08,-0.07,-0.02,123,1094,158,-14,27,100,12, 35.702072, 51.350731,1240.00,0.11,254

201,1150816,-3,21,330,1.00,-15,11,0,0,27,88553,1121,3.70,-0.68,9.58,-0.02,0.11,0.04,125,1094,159,-14,27,100,12, 35.702072, 51.350731,1240.00,0.11,254

201,1151007,-3,21,330,1.00,-15,22,0,0,36,88554,1121,3.74,-0.69,9.58,-0.08,0.05,-0.08,121,1094,158,-14,27,100,12, 35.702072, 51.350731,1240.00,0.11,254

201,1151198,-4,20,330,1.00,-15,14,0,0,28,88557,1122,3.66,-0.68,9.61,-0.02,-0.07,-0.02,123,1094,158,-14,27,100,12, 35.702072, 51.350731,1240.00,0.11,254

201,1151485,-3,21,330,1.00,-15,25,0,0,38,88552,1122,3.76,-0.64,9.57,0.04,-0.01,-0.02,121,1093,159,-14,27,100,12, 35.702072, 51.350731,1240.00,0.11,254

201,1151773,-3,21,330,1.00,-15,11,0,0,28,88550,1122,3.72,-0.66,9.72,0.04,-0.07,-0.02,126,1094,159,-14,27,100,12, 35.702072, 51.350731,1240.00,0.11,254

201,1152059,-4,21,330,1.00,-15,14,0,0,27,88553,1121,3.74,-0.74,9.62,-0.02,0.05,-0.08,123,1094,159,-14,27,100,12, 35.702072, 51.350731,1240.00,0.11,254

201,1152347,-3,21,330,1.00,-15,25,0,0,38,88554,1121,3.76,-0.62,9.65,-0.02,-0.07,0.04,124,1094,159,-14,27,100,12, 35.702072, 51.350731,1240.00,0.11,254

201,1152538,-4,20,330,1.00,-15,11,0,0,26,88552,1122,3.73,-0.62,9.54,-0.02,-0.19,-0.02,121,1094,159,-14,27,100,12, 35.702072, 51.350731,1240.00,0.11,254

201,1152826,-4,21,330,1.00,-15,25,0,0,37,88551,1122,3.76,-0.72,9.66,-0.08,0.17,-0.02,122,1093,159,-14,27,100,12, 35.702076, 51.350735,1240.00,0.17,254

201,1153112,-4,21,330,1.00,-15,16,0,0,32,88553,1122,3.76,-0.69,9.71,0.10,0.05,-0.02,123,1093,159,-14,27,100,12, 35.702076, 51.350735,1240.00,0.17,254

201,1153303,-3,20,330,1.00,-15,19,0,0,32,88556,1121,3.77,-0.66,9.59,-0.08,-0.07,0.10,123,1093,159,-14,27,100,12, 35.702076, 51.350735,1240.00,0.17,254

201,1153494,-3,21,330,1.00,-15,13,0,0,28,88555,1122,3.73,-0.70,9.63,-0.02,-0.13,0.04,122,1094,159,-14,27,100,12, 35.702076, 51.350735,1240.00,0.17,254

201,1153687,-4,20,330,1.00,-15,25,0,0,38,88554,1122,3.75,-0.70,9.60,0.04,0.05,-0.08,122,1094,159,-14,27,100,12, 35.702076, 51.350735,1240.00,0.17,254

201,1153878,-3,21,330,1.00,-15,10,0,0,26,88555,1122,3.69,-0.65,9.61,0.16,-0.07,-0.08,124,1094,159,-14,27,100,12, 35.702076, 51.350735,1240.00,0.17,254

201,1154164,-3,21,330,1.00,-15,19,0,0,32,88552,1122,3.78,-0.69,9.61,0.16,-0.13,-0.20,123,1093,159,-14,27,100,12, 35.702076, 51.350735,1240.00,0.17,254

201,1154452,-3,21,330,1.00,-15,22,0,0,36,88556,1122,3.70,-0.70,9.54,0.04,0.17,-0.08,122,1094,159,-14,27,100,12, 35.702076, 51.350735,1240.00,0.17,254

201,1154739,-4,21,330,1.00,-15,10,0,0,26,88555,1122,3.72,-0.69,9.63,-0.02,-0.01,-0.02,121,1094,159,-14,27,100,12, 35.702076, 51.350735,1240.00,0.17,254

201,1154930,-3,20,330,1.00,-15,24,0,0,38,88553,1121,3.77,-0.71,9.48,-0.02,0.05,0.04,128,1094,159,-14,27,100,12, 35.702076, 51.350735,1240.00,0.17,254

201,1155122,-4,21,330,1.00,-15,11,0,0,27,88555,1122,3.72,-0.68,9.51,-0.20,-0.07,0.10,120,1094,159,-14,27,100,12, 35.702076, 51.350735,1240.00,0.17,254

201,1155408,-4,21,330,1.00,-15,24,0,0,37,88552,1121,3.76,-0.69,9.62,0.04,-0.01,0.04,120,1093,159,-14,27,100,12, 35.702076, 51.350735,1240.00,0.17,254

201,1616,-3,20,330,1.00,-15,22,0,0,34,88553,1122,3.76,-0.68,9.60,-6.20,-16.02,14.25,120,1094,159,-14,27,100,0,  0.000000,  0.000000,0.00,0.00,254

201,1904,-3,21,330,1.00,-15,12,0,0,24,88552,1122,3.80,-0.66,9.58,-4.85,-15.77,14.50,117,1094,159,-14,27,100,0,  0.000000,  0.000000,0.00,0.00,254

201,2191,-3,21,330,1.00,-15,23,0,0,35,88552,1122,3.75,-0.72,9.64,-6.56,-16.81,14.44,119,1094,159,-14,27,100,0,  0.000000,  0.000000,0.00,0.00,254

201,2478,-4,21,330,1.00,-15,21,0,0,35,88555,1122,3.80,-0.66,9.57,-6.38,-15.10,15.05,123,1093,159,-14,27,100,0,  0.000000,  0.000000,0.00,0.00,254

201,2861,-4,20,330,1.00,-15,15,0,0,30,88551,1122,3.67,-0.68,9.57,-5.40,-16.69,13.52,123,1093,159,-14,27,100,0,  0.000000,  0.000000,0.00,0.00,254

201,3244,-4,21,330,1.00,-15,12,0,0,25,88553,1122,3.74,-0.66,9.58,-5.16,-14.19,13.40,124,1093,159,-14,27,100,0,  0.000000,  0.000000,0.00,0.00,254

201,3531,-4,21,330,1.00,-15,19,0,0,30,88555,1121,3.76,-0.64,9.63,-6.32,-15.10,14.38,124,1093,159,-14,27,100,0,  0.000000,  0.000000,0.00,0.00,254

201,3723,-3,21,330,1.00,-15,14,0,0,28,88555,1122,3.71,-0.62,9.65,-5.16,-16.08,13.04,124,1093,159,-14,27,100,0,  0.000000,  0.000000,0.00,0.00,254

201,4009,-3,21,330,1.00,-15,14,0,0,25,88554,1122,3.74,-0.69,9.58,-6.62,-14.25,14.32,120,1093,159,-14,27,100,0,  0.000000,  0.000000,0.00,0.00,254

201,4296,-3,21,330,1.00,-15,26,0,0,39,88551,1121,3.68,-0.69,9.65,-5.59,-14.98,13.34,123,1093,159,-14,27,100,0,  0.000000,  0.000000,0.00,0.00,254

201,4584,-3,21,330,1.00,-15,13,0,0,28,88555,1122,3.70,-0.67,9.72,-6.75,-15.10,14.25,123,1094,159,-14,27,100,0,  0.000000,  0.000000,0.00,0.00,254

201,4871,-3,21,330,1.00,-15,14,0,0,26,88551,1122,3.71,-0.66,9.52,-6.01,-16.75,13.22,124,1094,159,-14,27,100,0,  0.000000,  0.000000,0.00,0.00,254

201,5157,-4,21,330,1.00,-15,26,0,0,39,88552,1122,3.71,-0.69,9.63,-5.28,-16.20,13.04,123,1094,159,-14,27,100,0,  0.000000,  0.000000,0.00,0.00,254

201,5540,-3,21,330,1.00,-15,23,0,0,39,88549,1122,3.77,-0.71,9.58,-4.79,-15.59,13.64,124,1094,159,-14,27,100,0,  0.000000,  0.000000,0.00,0.00,254

201,5828,-4,21,330,1.00,-15,11,0,0,27,88548,1122,3.73,-0.74,9.60,-6.14,-16.75,14.07,121,1094,159,-14,27,100,0,  0.000000,  0.000000,0.00,0.00,254

201,6020,-3,21,330,1.00,-15,25,0,0,40,88556,1122,3.74,-0.70,9.65,-5.83,-14.37,11.57,124,1094,159,-14,27,100,0,  0.000000,  0.000000,0.00,0.00,254

201,6211,-4,20,330,1.00,-15,12,0,0,26,88551,1122,3.74,-0.61,9.68,-5.89,-14.13,13.40,123,1093,159,-14,27,100,0,  0.000000,  0.000000,0.00,0.00,254

201,6402,-4,21,330,1.00,-15,22,0,0,37,88552,1122,3.74,-0.66,9.53,-7.42,-17.36,12.91,124,1094,159,-14,27,100,0,  0.000000,  0.000000,0.00,0.00,254

201,6689,-3,21,330,1.00,-15,11,0,0,25,88548,1122,3.73,-0.63,9.65,-5.28,-15.90,13.40,125,1094,159,-14,27,100,0,  0.000000,  0.000000,0.00,0.00,254

201,6977,-4,21,330,1.00,-15,22,0,0,34,88551,1122,3.70,-0.64,9.54,-4.43,-14.98,13.52,119,1094,159,-14,27,100,0,  0.000000,  0.000000,0.00,0.00,254

201,7264,-4,21,330,1.00,-15,22,0,0,36,88550,1122,3.67,-0.67,9.59,-5.95,-16.08,13.16,122,1094,159,-14,27,100,0,  0.000000,  0.000000,0.00,0.00,254

201,7550,-3,21,330,1.00,-15,11,0,0,25,88551,1122,3.71,-0.66,9.56,-5.46,-15.77,13.10,124,1094,159,-14,27,100,0,  0.000000,  0.000000,0.00,0.00,254

201,7742,-4,21,330,1.00,-15,25,0,0,39,88553,1121,3.73,-0.67,9.63,-5.59,-15.47,14.19,123,1094,159,-14,27,100,0,  0.000000,  0.000000,0.00,0.00,254

201,7934,-3,21,330,1.00,-15,13,0,0,27,88552,1122,3.71,-0.72,9.67,-5.65,-16.44,13.16,120,1094,159,-14,27,100,0,  0.000000,  0.000000,0.00,0.00,254

201,8126,-4,20,330,1.00,-15,18,0,0,33,88553,1122,3.74,-0.68,9.62,-4.73,-14.37,12.85,124,1093,159,-14,27,100,0,  0.000000,  0.000000,0.00,0.00,254

201,8316,-4,21,330,1.00,-15,16,0,0,29,88550,1122,3.69,-0.69,9.52,-7.48,-13.40,12.36,125,1094,159,-14,27,100,0,  0.000000,  0.000000,0.00,0.00,254

201,8508,-3,21,330,1.00,-15,15,0,0,29,88549,1122,3.68,-0.68,9.66,-5.89,-15.35,13.10,123,1094,159,-14,27,100,0,  0.000000,  0.000000,0.00,0.00,254

201,8699,-3,21,330,1.00,-15,21,0,0,34,88550,1122,3.68,-0.67,9.63,-4.85,-15.71,13.89,124,1094,159,-14,27,100,0,  0.000000,  0.000000,0.00,0.00,254

201,8891,-3,21,330,1.00,-15,11,0,0,25,88552,1122,3.71,-0.66,9.61,-6.93,-14.55,14.38,121,1093,159,-14,27,100,0,  0.000000,  0.000000,0.00,0.00,254

201,9082,-3,20,330,1.00,-15,24,0,0,39,88552,1122,3.71,-0.63,9.67,-4.31,-14.55,13.64,121,1094,159,-14,27,100,0, 35.702076, 51.350815,0.00,0.34,254

201,9369,-4,20,330,1.00,-15,13,0,0,29,88550,1122,3.75,-0.69,9.54,-5.59,-14.80,14.07,122,1094,159,-14,27,100,0, 35.702076, 51.350815,0.00,0.34,254

201,9657,-4,21,330,1.00,-15,13,0,0,26,88550,1122,3.77,-0.71,9.59,-6.68,-14.68,12.67,124,1093,159,-14,27,100,0, 35.702076, 51.350815,0.00,0.34,254

201,9945,-4,21,330,1.00,-15,25,0,0,38,88549,1122,3.74,-0.67,9.60,-5.65,-16.08,13.83,122,1094,159,-14,27,100,0, 35.702076, 51.350815,0.00,0.34,254

201,10231,-3,21,330,1.00,-15,12,0,0,28,88551,1122,3.78,-0.64,9.59,-5.89,-16.38,12.91,121,1093,159,-14,27,100,0, 35.702076, 51.350815,0.00,0.34,254

201,10423,-4,21,330,1.00,-15,23,0,0,37,88551,1122,3.72,-0.63,9.59,-6.32,-15.59,13.34,122,1094,159,-14,27,100,0, 35.702076, 51.350815,0.00,0.34,254

201,10711,-3,21,330,1.00,-15,15,0,0,31,88553,1122,3.70,-0.71,9.61,-4.98,-14.19,15.29,122,1094,159,-14,27,100,0, 35.702076, 51.350815,0.00,0.34,254

201,10998,-4,20,330,1.00,-15,14,0,0,27,88551,1122,3.70,-0.65,9.51,-5.89,-14.62,13.71,123,1094,159,-14,27,100,0, 35.702076, 51.350815,0.00,0.34,254

201,11285,-4,20,330,1.00,-15,25,0,0,38,88552,1122,3.79,-0.73,9.59,-6.07,-16.20,13.16,121,1094,159,-14,27,100,0, 35.702076, 51.350815,0.00,0.34,254

201,11572,-3,21,330,1.00,-15,14,0,0,30,88552,1122,3.71,-0.75,9.67,-5.59,-15.04,13.16,123,1093,159,-14,27,100,0, 35.702076, 51.350815,0.00,0.34,254

201,11763,-3,21,330,1.00,-15,21,0,0,35,88554,1122,3.75,-0.66,9.66,-5.28,-15.47,13.10,124,1094,159,-14,27,100,0, 35.702076, 51.350815,0.00,0.34,254

201,12051,-4,20,330,1.00,-15,17,0,0,32,88549,1122,3.76,-0.67,9.66,-5.46,-15.96,14.19,124,1093,159,-14,27,100,0, 35.702076, 51.350815,0.00,0.34,254

201,12338,-3,21,330,1.00,-15,11,0,0,25,88551,1122,3.69,-0.72,9.62,-5.77,-16.93,13.95,123,1093,159,-14,27,100,0, 35.702076, 51.350815,0.00,0.34,254

201,12624,-3,21,330,1.00,-15,23,0,0,34,88547,1122,3.72,-0.66,9.61,-8.39,-15.59,12.49,125,1093,159,-14,27,100,0, 35.702076, 51.350815,0.00,0.34,254

201,12816,-4,21,330,1.00,-15,10,0,0,25,88551,1122,3.74,-0.69,9.71,-6.14,-17.42,13.40,125,1094,159,-14,27,100,0, 35.702076, 51.350815,0.00,0.34,254

201,13008,-3,21,330,1.00,-15,25,0,0,38,88554,1122,3.74,-0.69,9.58,-6.32,-15.65,14.62,118,1094,159,-14,27,100,0, 35.702076, 51.350815,0.00,0.34,254

201,13199,-3,21,330,1.00,-15,10,0,0,26,88552,1122,3.72,-0.69,9.64,-6.87,-16.14,14.50,122,1094,159,-14,27,100,0, 35.702076, 51.350815,0.00,0.34,254

201,13486,-4,21,330,1.00,-15,24,0,0,35,88554,1122,3.77,-0.67,9.59,-6.32,-15.71,14.32,122,1094,159,-14,27,100,0, 35.702076, 51.350815,0.00,0.34,254

201,13773,-3,21,330,1.00,-15,18,0,0,33,88550,1122,3.69,-0.67,9.66,-6.99,-16.63,14.32,124,1094,159,-14,27,100,0, 35.702076, 51.350815,0.00,0.34,254

201,14061,-3,21,330,1.00,-15,12,0,0,27,88549,1122,3.75,-0.71,9.63,-5.71,-15.10,12.85,122,1094,159,-14,27,100,0, 35.702076, 51.350815,0.00,0.34,254

201,14348,-4,21,330,1.00,-15,24,0,0,36,88557,1122,3.73,-0.64,9.62,-6.26,-16.57,12.91,120,1094,159,-14,27,100,0, 35.702076, 51.350815,0.00,0.34,254

201,14635,-3,20,330,1.00,-15,17,0,0,33,88554,1122,3.75,-0.66,9.54,-5.16,-15.35,14.56,123,1093,159,-14,27,100,0, 35.702076, 51.350815,0.00,0.34,254

201,15017,-4,20,330,1.00,-15,12,0,0,27,88550,1122,3.78,-0.65,9.65,-6.26,-16.75,13.28,124,1093,159,-14,27,100,0, 35.702076, 51.350815,0.00,0.34,254

201,15304,-3,21,330,1.00,-15,15,0,0,27,88552,1122,3.74,-0.68,9.62,-6.38,-14.80,13.52,124,1094,159,-14,27,100,0, 35.702076, 51.350815,0.00,0.34,254

201,15592,-3,21,330,1.00,-15,26,0,0,38,88552,1122,3.75,-0.65,9.67,-6.62,-15.77,14.32,122,1093,159,-14,27,100,0, 35.702076, 51.350815,0.00,0.34,254

201,15879,-4,21,330,1.00,-15,12,0,0,28,88551,1122,3.72,-0.69,9.60,-6.44,-15.47,13.71,123,1093,159,-14,27,100,0, 35.702076, 51.350815,0.00,0.34,254

201,16165,-3,21,330,1.00,-15,16,0,0,28,88550,1122,3.69,-0.66,9.60,-5.16,-14.86,13.40,122,1093,159,-14,27,100,0, 35.702076, 51.350815,0.00,0.34,254

201,16453,-3,20,330,1.00,-15,26,0,0,38,88553,1122,3.73,-0.70,9.58,-6.20,-16.38,13.22,122,1094,159,-14,27,100,0, 35.702076, 51.350815,0.00,0.34,254

201,16740,-4,20,330,1.00,-15,13,0,0,29,88552,1122,3.74,-0.70,9.62,-7.35,-13.88,13.34,122,1094,159,-14,27,100,0, 35.702076, 51.350815,0.00,0.34,254

201,17028,-3,21,330,1.00,-15,17,0,0,30,88549,1121,3.70,-0.66,9.58,-7.23,-16.63,13.52,120,1093,159,-14,27,100,0, 35.702076, 51.350815,0.00,0.34,254

201,17314,-4,20,330,1.00,-15,25,0,0,38,88551,1122,3.79,-0.73,9.65,-6.14,-15.47,14.56,124,1094,159,-14,27,100,0, 35.702076, 51.350815,0.00,0.34,254

201,17601,-4,21,330,1.00,-15,11,0,0,28,88553,1122,3.66,-0.71,9.56,-6.07,-15.90,13.46,125,1094,159,-14,27,100,0, 35.702076, 51.350815,0.00,0.34,254

201,17889,-4,21,330,1.00,-15,17,0,0,29,88552,1122,3.74,-0.68,9.59,-6.20,-16.38,13.64,120,1094,159,-14,27,100,0, 35.702076, 51.350815,0.00,0.34,254

201,18176,-3,21,330,1.00,-15,25,0,0,38,88549,1122,3.71,-0.68,9.61,-6.07,-16.32,13.89,122,1094,159,-14,27,100,0, 35.702076, 51.350815,0.00,0.34,254

201,18463,-4,21,330,1.00,-15,11,0,0,27,88551,1122,3.78,-0.70,9.61,-6.75,-15.29,14.01,125,1093,159,-14,27,100,0, 35.702076, 51.350815,0.00,0.34,254

201,18750,-4,21,330,1.00,-15,17,0,0,28,88552,1122,3.69,-0.64,9.50,-5.89,-14.62,13.52,125,1094,159,-14,27,100,0, 35.702076, 51.350815,0.00,0.34,254

201,19038,-4,21,330,1.00,-15,23,0,0,37,88550,1122,3.66,-0.70,9.54,-6.62,-16.08,12.06,121,1093,159,-14,27,100,0, 35.702076, 51.350815,0.00,0.34,254

201,19324,-3,20,330,1.00,-15,11,0,0,27,88555,1122,3.80,-0.75,9.65,-7.05,-14.49,13.40,125,1094,159,-14,27,100,0, 35.702076, 51.350815,0.00,0.34,254

201,19611,-3,21,330,1.00,-15,18,0,0,29,88553,1122,3.74,-0.66,9.54,-6.20,-14.80,12.91,122,1094,159,-14,27,100,0, 35.702076, 51.350815,0.00,0.34,254

201,19802,-4,21,330,1.00,-15,15,0,0,30,88551,1122,3.75,-0.71,9.56,-6.87,-16.69,13.10,122,1094,159,-14,27,100,0, 35.702076, 51.350815,0.00,0.34,254

201,19995,-4,21,330,1.00,-15,24,0,0,37,88551,1122,3.70,-0.69,9.65,-6.56,-14.62,13.77,121,1094,159,-14,27,100,0, 35.702076, 51.350815,0.00,0.34,254

201,20186,-4,21,330,1.00,-15,11,0,0,26,88554,1122,3.76,-0.67,9.65,-5.40,-14.07,15.23,123,1094,160,-14,27,100,0, 35.702076, 51.350815,0.00,0.34,254

201,20377,-4,21,330,1.00,-15,25,0,0,39,88553,1122,3.71,-0.66,9.59,-4.61,-16.75,13.83,123,1093,159,-14,27,100,0, 35.702076, 51.350815,0.00,0.34,254

201,20569,-3,20,330,1.00,-15,11,0,0,26,88554,1122,3.68,-0.70,9.56,-6.38,-16.32,13.89,118,1094,159,-14,27,100,0, 35.702076, 51.350815,0.00,0.34,254

201,20759,-4,21,330,1.00,-15,23,0,0,38,88553,1122,3.75,-0.65,9.53,-6.01,-15.59,12.79,125,1094,160,-14,27,100,0, 35.702076, 51.350815,0.00,0.34,254

201,20952,-3,21,330,1.00,-15,14,0,0,29,88549,1122,3.69,-0.68,9.61,-4.49,-16.63,13.89,122,1094,160,-14,27,100,0, 35.702076, 51.350815,0.00,0.34,254

201,21142,-3,21,330,1.00,-15,17,0,0,32,88554,1122,3.73,-0.69,9.57,-6.50,-16.02,14.13,123,1094,160,-14,27,100,0, 35.702076, 51.350815,0.00,0.34,254

201,21430,-3,21,330,1.00,-15,11,0,0,25,88551,1122,3.72,-0.69,9.67,-6.56,-16.99,15.23,122,1094,160,-14,27,100,0, 35.702076, 51.350815,0.00,0.34,254

201,21716,-4,21,330,1.00,-15,23,0,0,36,88551,1122,3.70,-0.64,9.57,-6.62,-15.35,13.34,121,1094,160,-14,27,100,0, 35.702076, 51.350815,0.00,0.34,254

201,22004,-3,21,330,1.00,-15,15,0,0,30,88554,1122,3.70,-0.69,9.58,-7.23,-14.43,13.71,121,1093,159,-14,27,100,0, 35.702076, 51.350815,0.00,0.34,254

201,22196,-4,21,330,1.00,-15,19,0,0,31,88555,1122,3.71,-0.68,9.67,-5.34,-15.53,12.91,121,1094,160,-14,27,100,0, 35.702076, 51.350815,0.00,0.34,254

201,22386,-4,20,330,1.00,-15,12,0,0,27,88551,1122,3.69,-0.61,9.56,-6.81,-16.57,14.25,124,1094,159,-14,27,100,0, 35.702076, 51.350815,0.00,0.34,254

201,22578,-3,21,330,1.00,-15,23,0,0,37,88552,1122,3.73,-0.65,9.61,-5.34,-16.69,13.71,123,1094,159,-14,27,100,0, 35.702076, 51.350815,0.00,0.34,254

201,22865,-3,21,330,1.00,-15,16,0,0,32,88549,1122,3.76,-0.67,9.55,-7.78,-14.25,13.58,123,1094,160,-14,27,100,0, 35.702076, 51.350815,0.00,0.34,254

201,23152,-3,20,330,1.00,-15,12,0,0,26,88549,1122,3.77,-0.72,9.60,-7.29,-15.35,13.64,124,1093,160,-14,27,100,0, 35.702076, 51.350815,0.00,0.34,254

201,23440,-3,21,330,1.00,-15,24,0,0,36,88552,1122,3.70,-0.65,9.63,-6.81,-15.65,12.67,125,1094,160,-14,27,100,0, 35.702076, 51.350815,0.00,0.34,254

201,23727,-3,20,330,1.00,-15,16,0,0,31,88553,1122,3.71,-0.65,9.52,-6.50,-15.84,14.07,122,1094,159,-14,27,100,0, 35.702076, 51.350815,0.00,0.34,254

201,24014,-4,21,330,1.00,-15,13,0,0,26,88549,1122,3.79,-0.63,9.64,-6.62,-16.93,14.50,125,1094,160,-14,27,100,0, 35.702076, 51.350815,0.00,0.34,254

201,24301,-4,21,330,1.00,-15,25,0,0,37,88550,1122,3.70,-0.66,9.59,-8.15,-15.96,14.01,124,1093,160,-14,27,100,0, 35.702076, 51.350815,0.00,0.34,254

201,24493,-3,21,330,1.00,-15,10,0,0,25,88549,1122,3.71,-0.65,9.65,-6.38,-16.99,13.04,127,1093,160,-14,27,100,0, 35.702076, 51.350815,0.00,0.34,254

201,24684,-3,21,330,1.00,-15,25,0,0,39,88552,1122,3.74,-0.70,9.55,-8.21,-13.82,13.28,123,1094,160,-14,27,100,0, 35.702076, 51.350815,0.00,0.34,254

201,24876,-4,20,330,1.00,-15,12,0,0,27,88550,1122,3.80,-0.73,9.60,-5.59,-14.31,13.89,125,1093,160,-14,27,100,0, 35.702076, 51.350815,0.00,0.34,254

201,25067,-4,20,329,1.00,-15,19,0,0,34,88550,1122,3.69,-0.67,9.68,-6.01,-17.24,13.10,123,1094,160,-14,27,100,0, 35.701977, 51.350742,0.00,0.02,254

201,25257,-4,21,330,1.00,-15,16,0,0,29,88552,1122,3.74,-0.71,9.58,-4.67,-13.94,12.55,124,1094,160,-14,27,100,0, 35.701977, 51.350742,0.00,0.02,254

201,25545,-4,20,330,1.00,-15,25,0,0,39,88550,1122,3.78,-0.65,9.66,-4.61,-17.05,12.73,128,1094,160,-14,27,100,0, 35.701977, 51.350742,0.00,0.02,254

201,25832,-3,21,330,1.00,-15,11,0,0,28,88548,1122,3.67,-0.62,9.69,-5.71,-16.51,14.25,124,1094,160,-14,27,100,0, 35.701977, 51.350742,0.00,0.02,254

201,26119,-4,21,330,1.00,-15,16,0,0,28,88550,1122,3.74,-0.75,9.64,-6.81,-15.71,14.19,124,1094,160,-14,27,100,0, 35.701977, 51.350742,0.00,0.02,254

201,26406,-3,21,330,1.00,-15,24,0,0,38,88551,1122,3.73,-0.66,9.58,-7.42,-15.53,13.58,124,1093,160,-14,27,100,0, 35.701977, 51.350742,0.00,0.02,254

201,26693,-4,21,330,1.00,-15,11,0,0,27,88550,1122,3.72,-0.64,9.55,-6.87,-13.94,13.83,124,1094,160,-14,27,100,0, 35.701977, 51.350742,0.00,0.02,254

201,26981,-4,21,330,1.00,-15,18,0,0,30,88551,1121,3.73,-0.72,9.55,-6.56,-16.69,14.74,125,1094,160,-14,27,100,0, 35.701977, 51.350742,0.00,0.02,254

201,27268,-4,21,330,1.00,-15,24,0,0,38,88553,1122,3.68,-0.73,9.65,-6.07,-13.03,13.22,123,1094,159,-14,27,100,0, 35.701977, 51.350742,0.00,0.02,254

201,27554,-4,21,330,1.00,-15,11,0,0,27,88550,1122,3.69,-0.69,9.68,-3.64,-17.48,13.95,122,1094,160,-14,27,100,0, 35.701977, 51.350742,0.00,0.02,254

201,27842,-3,21,330,1.00,-15,17,0,0,29,88551,1122,3.69,-0.67,9.56,-4.98,-12.85,12.12,125,1094,160,-14,27,100,0, 35.701977, 51.350742,0.00,0.02,254

201,28225,-4,21,330,1.00,-15,22,0,0,34,88548,1122,3.71,-0.69,9.71,-6.26,-15.90,14.44,125,1095,160,-14,27,100,0, 35.701977, 51.350742,0.00,0.02,254

201,28512,-4,20,330,1.00,-15,19,0,0,34,88550,1122,3.69,-0.65,9.66,-7.90,-15.59,12.91,124,1094,160,-14,27,100,0, 35.701977, 51.350742,0.00,0.02,254

201,28798,-4,21,330,1.00,-15,11,0,0,26,88548,1122,3.71,-0.62,9.77,-8.27,-16.93,14.01,121,1094,160,-14,27,100,0, 35.701977, 51.350742,0.00,0.02,254

201,29086,-3,21,330,1.00,-15,25,0,0,36,88548,1122,3.73,-0.71,9.64,-7.23,-14.01,16.33,123,1094,160,-14,27,100,0, 35.701977, 51.350742,0.00,0.02,254

201,29278,-4,20,330,1.00,-15,11,0,0,26,88549,1122,3.75,-0.64,9.59,-7.29,-14.19,15.72,126,1093,160,-14,27,100,0, 35.701977, 51.350742,0.00,0.02,254

201,29564,-4,20,330,1.00,-15,18,0,0,30,88552,1122,3.73,-0.67,9.60,-7.96,-16.26,14.93,125,1094,160,-14,27,100,0, 35.701977, 51.350742,0.00,0.02,254

201,29851,-4,21,330,1.00,-15,24,0,0,37,88553,1122,3.71,-0.70,9.58,-6.93,-15.35,13.28,124,1094,160,-14,27,100,0, 35.701977, 51.350742,0.00,0.02,254

201,30139,-3,21,330,1.00,-15,11,0,0,27,88553,1122,3.74,-0.65,9.63,-5.65,-16.57,12.67,122,1094,160,-14,27,100,0, 35.701977, 51.350742,0.00,0.02,254

201,30426,-4,20,330,1.00,-15,19,0,0,30,88551,1122,3.73,-0.65,9.57,-7.60,-14.80,13.52,123,1093,160,-14,27,100,0, 35.701977, 51.350742,0.00,0.02,254

201,30713,-4,21,330,1.00,-15,23,0,0,37,88550,1122,3.71,-0.70,9.60,-4.92,-16.14,14.07,125,1094,160,-14,27,100,0, 35.701977, 51.350742,0.00,0.02,254

201,31096,-3,20,330,1.00,-15,16,0,0,32,88554,1122,3.76,-0.66,9.66,-4.85,-16.14,13.22,125,1093,160,-14,27,100,0, 35.701977, 51.350742,0.00,0.02,254

201,31478,-4,20,330,1.00,-15,13,0,0,28,88551,1122,3.77,-0.69,9.62,-5.53,-14.25,14.44,124,1094,160,-14,27,100,0, 35.701977, 51.350742,0.00,0.02,254

201,31670,-4,21,330,1.00,-15,24,0,0,37,88553,1122,3.79,-0.68,9.59,-5.16,-16.51,12.97,120,1094,160,-14,27,100,0, 35.701977, 51.350742,0.00,0.02,254

201,31861,-3,21,330,1.00,-15,11,0,0,26,88552,1122,3.73,-0.66,9.66,-6.50,-15.71,13.58,121,1094,160,-14,27,100,0, 35.701977, 51.350742,0.00,0.02,254

201,32149,-4,21,330,1.00,-15,20,0,0,32,88553,1122,3.72,-0.67,9.60,-6.68,-15.77,14.86,124,1094,160,-14,27,100,0, 35.701962, 51.350735,0.00,0.06,254

201,32339,-3,21,330,1.00,-15,12,0,0,27,88551,1122,3.75,-0.70,9.62,-5.40,-14.74,11.57,123,1094,160,-14,27,100,0, 35.701962, 51.350735,0.00,0.06,254

201,32531,-4,21,330,1.00,-15,24,0,0,37,88551,1122,3.69,-0.67,9.58,-5.77,-14.37,14.68,127,1093,160,-14,27,100,0, 35.701962, 51.350735,0.00,0.06,254

201,32722,-4,21,330,1.00,-15,10,0,0,26,88552,1122,3.76,-0.70,9.65,-7.96,-15.59,14.56,119,1094,160,-14,27,100,0, 35.701962, 51.350735,0.00,0.06,254

201,32915,-4,21,330,1.00,-15,24,0,0,38,88553,1122,3.72,-0.67,9.60,-7.05,-16.81,14.13,124,1094,160,-14,27,100,0, 35.701962, 51.350735,0.00,0.06,254

201,33106,-4,21,330,1.00,-15,12,0,0,27,88551,1122,3.70,-0.65,9.59,-5.04,-15.04,13.28,123,1094,160,-14,27,100,0, 35.701962, 51.350735,0.00,0.06,254

201,33297,-3,21,330,1.00,-15,21,0,0,36,88550,1122,3.72,-0.65,9.63,-7.05,-15.59,14.68,126,1094,160,-14,27,100,0, 35.701962, 51.350735,0.00,0.06,254

201,33584,-4,21,330,1.00,-15,10,0,0,25,88550,1122,3.76,-0.72,9.60,-7.23,-15.96,14.68,124,1094,160,-14,27,100,0, 35.701962, 51.350735,0.00,0.06,254

201,33775,-4,21,330,1.00,-15,25,0,0,39,88550,1121,3.78,-0.61,9.63,-7.05,-15.96,14.99,126,1094,160,-14,27,100,0, 35.701962, 51.350735,0.00,0.06,254

201,33968,-3,20,330,1.00,-15,13,0,0,27,88551,1122,3.74,-0.73,9.58,-8.09,-16.63,14.19,121,1094,160,-14,27,100,0, 35.701962, 51.350735,0.00,0.06,254

201,34158,-3,21,330,1.00,-15,20,0,0,35,88551,1122,3.68,-0.72,9.56,-6.01,-14.01,13.10,123,1094,160,-14,27,100,0, 35.701962, 51.350735,0.00,0.06,254

201,34350,-4,20,330,1.00,-15,15,0,0,29,88555,1122,3.78,-0.66,9.56,-6.93,-16.87,14.01,123,1094,160,-14,27,100,0, 35.701962, 51.350735,0.00,0.06,254

201,34541,-4,21,330,1.00,-15,14,0,0,29,88551,1122,3.62,-0.70,9.59,-6.93,-14.19,13.71,123,1094,160,-14,27,100,0, 35.701962, 51.350735,0.00,0.06,254

201,34828,-4,21,330,1.00,-15,12,0,0,24,88550,1122,3.75,-0.67,9.61,-7.05,-15.96,13.52,124,1093,160,-14,27,100,0, 35.701962, 51.350735,0.00,0.06,254

201,35117,-3,21,330,1.00,-15,25,0,0,37,88551,1122,3.73,-0.66,9.62,-7.05,-14.01,13.46,122,1094,160,-14,27,100,0, 35.701962, 51.350735,0.00,0.06,254

201,35402,-3,21,330,1.00,-15,14,0,0,29,88548,1122,3.79,-0.63,9.55,-6.20,-14.74,13.64,124,1094,160,-14,27,100,0, 35.701962, 51.350735,0.00,0.06,254

201,35690,-4,21,330,1.00,-15,13,0,0,25,88549,1122,3.79,-0.64,9.64,-6.38,-15.77,15.78,125,1095,160,-14,27,100,0, 35.701962, 51.350735,0.00,0.06,254

201,35978,-4,21,330,1.00,-15,25,0,0,38,88548,1122,3.63,-0.67,9.68,-5.46,-14.62,13.77,124,1094,160,-14,27,100,0, 35.701962, 51.350735,0.00,0.06,254

201,36263,-3,21,330,1.00,-15,13,0,0,29,88549,1122,3.73,-0.67,9.72,-8.09,-15.77,11.08,122,1093,160,-14,27,100,0, 35.701962, 51.350735,0.00,0.06,254

201,36455,-4,21,330,1.00,-15,23,0,0,36,88552,1122,3.73,-0.66,9.63,-7.29,-16.32,12.30,120,1094,160,-14,27,100,0, 35.701962, 51.350735,0.00,0.06,254

201,36646,-4,21,330,1.00,-15,11,0,0,26,88551,1122,3.72,-0.66,9.60,-5.04,-16.57,12.49,123,1094,160,-14,27,100,0, 35.701962, 51.350735,0.00,0.06,254

201,36838,-3,21,330,1.00,-15,25,0,0,39,88552,1122,3.72,-0.70,9.64,-4.25,-14.92,13.10,124,1094,160,-14,27,100,0, 35.701962, 51.350735,0.00,0.06,254

